-- phpMyAdmin SQL Dump
-- version 2.9.1.1-Debian-2ubuntu1
-- http://www.phpmyadmin.net
-- 
-- Host: localhost
-- Generation Time: Aug 19, 2008 at 03:33 PM
-- Server version: 5.0.38
-- PHP Version: 5.2.1
-- 
-- Database: `thinklink`
-- 

-- --------------------------------------------------------

-- 
-- Table structure for table `bookmarks`
-- 

DROP TABLE IF EXISTS `bookmarks`;
CREATE TABLE IF NOT EXISTS `bookmarks` (
  `id` int(11) unsigned NOT NULL auto_increment,
  `user_id` int(11) unsigned NOT NULL,
  `snippet_id` int(11) unsigned NOT NULL,
  PRIMARY KEY  (`id`,`user_id`,`snippet_id`),
  UNIQUE KEY `user_id` (`user_id`,`snippet_id`)
) ENGINE=MyISAM  DEFAULT CHARSET=latin1 AUTO_INCREMENT=254 ;

-- 
-- Dumping data for table `bookmarks`
-- 

INSERT INTO `bookmarks` (`id`, `user_id`, `snippet_id`) VALUES 
(1, 8, 2),
(2, 1, 81),
(3, 8, 12),
(4, 8, 8),
(5, 8, 14),
(6, 1, 155),
(7, 1, 159),
(10, 1, 160),
(11, 1, 161),
(12, 1, 169),
(13, 1, 174),
(14, 1, 192),
(15, 1, 221),
(16, 1, 220),
(17, 8, 247),
(18, 8, 248),
(19, 8, 249),
(20, 8, 250),
(21, 8, 251),
(22, 8, 252),
(23, 8, 253),
(24, 8, 254),
(25, 8, 255),
(26, 8, 256),
(27, 10, 257),
(28, 10, 258),
(29, 10, 259),
(30, 10, 260),
(31, 10, 261),
(32, 10, 262),
(33, 10, 263),
(34, 10, 264),
(35, 11, 265),
(36, 11, 266),
(37, 11, 267),
(38, 11, 268),
(39, 11, 269),
(40, 11, 270),
(41, 11, 271),
(42, 11, 272),
(43, 11, 273),
(44, 11, 274),
(45, 8, 274),
(46, 12, 274),
(47, 12, 275),
(48, 12, 276),
(49, 12, 277),
(50, 12, 278),
(51, 12, 279),
(52, 12, 280),
(53, 12, 281),
(54, 12, 282),
(55, 12, 283),
(56, 12, 284),
(57, 12, 285),
(58, 12, 286),
(59, 12, 287),
(60, 1, 288),
(61, 1, 289),
(62, 1, 290),
(63, 1, 291),
(64, 1, 292),
(65, 1, 293),
(66, 1, 294),
(67, 1, 295),
(68, 1, 296),
(69, 1, 297),
(70, 1, 298),
(71, 1, 299),
(72, 1, 300),
(73, 8, 299),
(74, 1, 301),
(75, 1, 302),
(76, 1, 303),
(77, 1, 304),
(78, 1, 305),
(79, 1, 306),
(80, 1, 307),
(81, 1, 308),
(84, 1, 311),
(85, 1, 312),
(86, 1, 313),
(87, 1, 314),
(88, 1, 315),
(89, 1, 316),
(90, 1, 317),
(91, 1, 318),
(92, 1, 319),
(93, 1, 320),
(94, 1, 321),
(95, 1, 322),
(96, 1, 323),
(97, 1, 324),
(98, 1, 325),
(99, 1, 326),
(100, 1, 327),
(101, 1, 328),
(102, 1, 329),
(103, 1, 330),
(104, 1, 331),
(105, 1, 332),
(106, 1, 333),
(107, 1, 334),
(108, 1, 335),
(109, 1, 336),
(110, 8, 337),
(111, 8, 338),
(113, 8, 340),
(114, 8, 341),
(115, 8, 342),
(122, 8, 339),
(124, 14, 343),
(125, 14, 344),
(126, 14, 345),
(127, 14, 346),
(128, 14, 347),
(129, 14, 348),
(130, 14, 349),
(131, 14, 350),
(132, 14, 351),
(133, 14, 352),
(134, 14, 353),
(135, 15, 354),
(136, 15, 355),
(137, 15, 356),
(138, 15, 357),
(139, 15, 358),
(140, 15, 359),
(141, 15, 360),
(142, 16, 361),
(143, 16, 362),
(144, 16, 363),
(145, 16, 364),
(146, 17, 365),
(149, 8, 368),
(151, 8, 370),
(152, 8, 371),
(153, 8, 372),
(154, 8, 373),
(155, 1, 374),
(156, 1, 375),
(157, 1, 376),
(158, 8, 377),
(159, 18, 378),
(160, 18, 379),
(161, 18, 380),
(162, 18, 381),
(163, 18, 382),
(164, 18, 383),
(165, 18, 384),
(166, 19, 385),
(167, 19, 386),
(168, 19, 387),
(169, 19, 388),
(170, 19, 389),
(171, 19, 390),
(172, 19, 391),
(173, 19, 392),
(174, 19, 393),
(175, 19, 394),
(176, 19, 395),
(177, 8, 391),
(178, 8, 395),
(179, 20, 396),
(180, 20, 397),
(181, 20, 398),
(182, 20, 399),
(183, 20, 400),
(184, 21, 401),
(185, 21, 402),
(186, 21, 403),
(187, 21, 404),
(188, 21, 405),
(189, 21, 406),
(190, 21, 407),
(191, 21, 408),
(192, 22, 409),
(193, 22, 410),
(194, 22, 411),
(195, 22, 412),
(196, 22, 413),
(197, 22, 414),
(198, 22, 415),
(199, 22, 416),
(200, 22, 417),
(201, 22, 418),
(202, 22, 419),
(203, 22, 420),
(204, 23, 421),
(205, 23, 422),
(206, 23, 423),
(207, 23, 424),
(208, 23, 425),
(209, 23, 426),
(210, 23, 427),
(211, 23, 428),
(212, 23, 429),
(213, 24, 430),
(214, 24, 431),
(215, 24, 432),
(216, 24, 433),
(217, 24, 434),
(218, 24, 435),
(219, 8, 436),
(220, 8, 437),
(221, 8, 438),
(222, 8, 439),
(223, 8, 440),
(224, 1, 441),
(225, 1, 442),
(226, 1, 443),
(227, 1, 444),
(228, 1, 445),
(229, 1, 446),
(230, 1, 447),
(231, 1, 448),
(232, 1, 449),
(233, 1, 450),
(234, 25, 451),
(235, 25, 452),
(236, 25, 94),
(237, 25, 453),
(238, 25, 454),
(239, 25, 455),
(240, 26, 456),
(241, 26, 457),
(242, 26, 458),
(243, 26, 459),
(244, 1, 460),
(245, 1, 461),
(246, 1, 462),
(247, 1, 463),
(248, 1, 464),
(249, 1, 465),
(250, 1, 466),
(251, 1, 467),
(252, 1, 468),
(253, 1, 469);

-- --------------------------------------------------------

-- 
-- Table structure for table `deletions`
-- 

DROP TABLE IF EXISTS `deletions`;
CREATE TABLE IF NOT EXISTS `deletions` (
  `id` int(11) unsigned NOT NULL auto_increment,
  `user_id` int(11) unsigned NOT NULL,
  `snippet_id` int(11) unsigned NOT NULL,
  PRIMARY KEY  (`id`,`user_id`,`snippet_id`),
  UNIQUE KEY `user_id` (`user_id`,`snippet_id`)
) ENGINE=MyISAM  DEFAULT CHARSET=latin1 AUTO_INCREMENT=11 ;

-- 
-- Dumping data for table `deletions`
-- 

INSERT INTO `deletions` (`id`, `user_id`, `snippet_id`) VALUES 
(1, 8, 1),
(2, 8, 2),
(3, 1, 158),
(4, 1, 157),
(5, 1, 156);

-- --------------------------------------------------------

-- 
-- Table structure for table `documents`
-- 

DROP TABLE IF EXISTS `documents`;
CREATE TABLE IF NOT EXISTS `documents` (
  `url` varchar(128) NOT NULL,
  `title` varchar(128) default NULL,
  `author` varchar(128) default NULL,
  PRIMARY KEY  (`url`)
) ENGINE=MyISAM DEFAULT CHARSET=latin1;

-- 
-- Dumping data for table `documents`
-- 

INSERT INTO `documents` (`url`, `title`, `author`) VALUES 
('http://mashmaker.intel-research.net/rob/server/pdfs/d3/7/', 'Finding Contradictions in Text', 'Marie-Catherine de Marneffe'),
('http://mashmaker.intel-research.net/rob/server/pdfs/3c/8/', 'A Joint Model of Text and Aspect Ratings for Sentiment Summarization', 'Ivan Titov, Ryan McDonald'),
('http://mashmaker.intel-research.net/rob/server/pdfs/2d/6/', 'The information ecology of social media and online communities', 'Tim Finin, Anupam Joshi, Pranam Kolari, Akshay Java, Anubhav Kale and Amit Karandikar'),
('http://mashmaker.intel-research.net/rob/server/pdfs/f5/16/', 'Fully Distributed EM for Very Large Datasets', 'Jason Wolfe, Aria Haghighi, Dan Klein'),
('http://mashmaker.intel-research.net/rob/server/pdfs/da/18/', 'DISTRIBUTIONAL CLUSTERING OF ENGLISH WORDS', 'Fernando Pereira'),
('http://mashmaker.intel-research.net/rob/server/pdfs/ea/19/', 'Information Seeking: Sensemaking and Interactions', 'Ann Abraham, Marian Petre, Helen Sharp');

-- --------------------------------------------------------

-- 
-- Table structure for table `keywords`
-- 

DROP TABLE IF EXISTS `keywords`;
CREATE TABLE IF NOT EXISTS `keywords` (
  `word` varchar(32) NOT NULL,
  `point` int(11) NOT NULL,
  PRIMARY KEY  (`word`)
) ENGINE=MyISAM DEFAULT CHARSET=latin1;

-- 
-- Dumping data for table `keywords`
-- 


-- --------------------------------------------------------

-- 
-- Table structure for table `link`
-- 

DROP TABLE IF EXISTS `link`;
CREATE TABLE IF NOT EXISTS `link` (
  `source_id` int(11) NOT NULL,
  `howlinked` enum('asserts','supports','identical','opposes','related') NOT NULL,
  `creator` int(11) NOT NULL,
  `linktype` enum('pp','sp') NOT NULL,
  `destid` int(11) NOT NULL,
  KEY `relation` (`howlinked`),
  KEY `creator` (`creator`),
  KEY `id` (`source_id`)
) ENGINE=MyISAM  DEFAULT CHARSET=latin1;

-- 
-- Dumping data for table `link`
-- 

INSERT INTO `link` (`source_id`, `howlinked`, `creator`, `linktype`, `destid`) VALUES 
(7, 'opposes', 0, 'pp', 9),
(9, 'supports', 0, 'pp', 2),
(7, 'supports', 0, 'pp', 3),
(7, 'supports', 0, 'sp', 4),
(5, 'asserts', 0, 'sp', 11),
(6, 'supports', 0, 'sp', 3),
(8, 'opposes', 0, 'sp', 7),
(10, 'supports', 0, 'sp', 7),
(11, 'supports', 0, 'sp', 21),
(0, '', 0, 'pp', 0);

-- --------------------------------------------------------

-- 
-- Table structure for table `pdf`
-- 

DROP TABLE IF EXISTS `pdf`;
CREATE TABLE IF NOT EXISTS `pdf` (
  `url` varchar(512) NOT NULL,
  `dir` varchar(4) NOT NULL,
  `id` int(4) NOT NULL auto_increment,
  PRIMARY KEY  (`id`),
  KEY `url` (`url`,`dir`)
) ENGINE=MyISAM  DEFAULT CHARSET=latin1 AUTO_INCREMENT=20 ;

-- 
-- Dumping data for table `pdf`
-- 

INSERT INTO `pdf` (`url`, `dir`, `id`) VALUES 
('http://www.educationaldatamining.org/EDM2008/uploads/proc/14_Lynch_43.pdf', '60', 5),
('http://ebiquity.umbc.edu/_file_directory_/papers/376.pdf', '2d', 6),
('http://www.aclweb.org/anthology-new/P/P08/P08-1118.pdf', 'd3', 7),
('http://www.aclweb.org/anthology-new/P/P08/P08-1036.pdf', '3c', 8),
('http://fmdb.cs.ucla.edu/Treports/890045.pdf', '98', 9),
('http://ebiquity.umbc.edu/paper/html/id/371/', 'd3', 11),
('http://portal.acm.org/ft_gateway.cfm?id=169209&type=pdf&coll=portal&dl=ACM&CFID=78220272&CFTOKEN=68137937', '73', 13),
('http://www.cs.berkeley.edu/~klein/papers/similarity-search-WWW-11.pdf', '5a', 14),
('http://portal.acm.org/ft_gateway.cfm?id=317451&type=pdf&coll=GUIDE&dl=GUIDE&CFID=36969353&CFTOKEN=78065988', '14', 15),
('http://www.cs.berkeley.edu/~aria42/pubs/icml08-distributedem.pdf', 'f5', 16),
('http://www.cs.berkeley.edu/~pliang/papers/agreement-nips2008.pdf', 'eb', 17),
('http://www.cs.cornell.edu/home/llee/papers/ptl93.pdf', 'da', 18),
('http://dmrussell.googlepages.com/Abraham-final.pdf', 'ea', 19);

-- --------------------------------------------------------

-- 
-- Table structure for table `point_agreements`
-- 

DROP TABLE IF EXISTS `point_agreements`;
CREATE TABLE IF NOT EXISTS `point_agreements` (
  `user_id` int(11) unsigned NOT NULL,
  `point_id` int(11) unsigned NOT NULL,
  `agree` tinyint(1) NOT NULL,
  `created_at` datetime NOT NULL,
  PRIMARY KEY  (`user_id`,`point_id`)
) ENGINE=MyISAM DEFAULT CHARSET=latin1;

-- 
-- Dumping data for table `point_agreements`
-- 

INSERT INTO `point_agreements` (`user_id`, `point_id`, `agree`, `created_at`) VALUES 
(8, 72, 1, '0000-00-00 00:00:00'),
(8, 2, 1, '0000-00-00 00:00:00'),
(8, 263, 1, '0000-00-00 00:00:00'),
(8, 289, 0, '0000-00-00 00:00:00');

-- --------------------------------------------------------

-- 
-- Table structure for table `point_deletions`
-- 

DROP TABLE IF EXISTS `point_deletions`;
CREATE TABLE IF NOT EXISTS `point_deletions` (
  `id` int(11) unsigned NOT NULL auto_increment,
  `user_id` int(11) NOT NULL,
  `point_id` int(11) NOT NULL,
  PRIMARY KEY  (`id`,`user_id`,`point_id`),
  UNIQUE KEY `user_id` (`user_id`,`point_id`)
) ENGINE=MyISAM DEFAULT CHARSET=latin1 AUTO_INCREMENT=1 ;

-- 
-- Dumping data for table `point_deletions`
-- 


-- --------------------------------------------------------

-- 
-- Table structure for table `point_links`
-- 

DROP TABLE IF EXISTS `point_links`;
CREATE TABLE IF NOT EXISTS `point_links` (
  `id` int(11) NOT NULL auto_increment,
  `point_a_id` int(11) unsigned NOT NULL,
  `point_b_id` int(11) unsigned NOT NULL,
  `howlinked` enum('same','supports','opposes','opposite','related') NOT NULL,
  `user_id` int(11) unsigned NOT NULL,
  PRIMARY KEY  (`id`),
  UNIQUE KEY `onelink` (`point_a_id`,`point_b_id`),
  KEY `dest` (`point_b_id`)
) ENGINE=MyISAM  DEFAULT CHARSET=latin1 AUTO_INCREMENT=184 ;

-- 
-- Dumping data for table `point_links`
-- 

INSERT INTO `point_links` (`id`, `point_a_id`, `point_b_id`, `howlinked`, `user_id`) VALUES 
(139, 0, 240, 'supports', 1),
(2, 8, 10, 'related', 1),
(3, 7, 9, 'related', 1),
(4, 8, 12, 'related', 1),
(5, 12, 14, 'related', 1),
(6, 13, 16, 'related', 1),
(7, 8, 20, 'related', 1),
(8, 20, 25, 'related', 1),
(9, 23, 25, 'related', 1),
(10, 21, 26, 'related', 1),
(11, 12, 21, 'related', 1),
(12, 19, 27, 'related', 1),
(13, 27, 39, 'related', 8),
(14, 26, 39, 'related', 8),
(15, 21, 39, 'related', 8),
(16, 8, 40, 'related', 8),
(17, 14, 40, 'supports', 8),
(18, 33, 42, 'related', 8),
(19, 6, 33, 'related', 8),
(20, 33, 44, 'related', 8),
(21, 47, 48, 'related', 1),
(22, 48, 49, 'related', 1),
(23, 47, 49, 'related', 1),
(24, 67, 68, 'opposes', 8),
(25, 70, 71, 'related', 8),
(26, 67, 74, 'opposes', 8),
(27, 67, 75, 'related', 8),
(28, 74, 75, 'related', 8),
(29, 76, 77, 'supports', 8),
(30, 78, 79, 'related', 8),
(31, 81, 102, 'related', 1),
(32, 103, 104, 'related', 1),
(33, 103, 106, 'related', 1),
(34, 108, 109, 'related', 1),
(35, 108, 111, 'related', 1),
(36, 109, 111, 'related', 1),
(138, 314, 318, 'supports', 16),
(137, 316, 318, 'supports', 16),
(136, 318, 315, 'supports', 16),
(135, 316, 315, 'supports', 16),
(63, 138, 139, 'supports', 1),
(64, 133, 140, 'supports', 1),
(65, 133, 137, 'supports', 1),
(66, 145, 146, 'opposes', 1),
(67, 152, 153, 'supports', 1),
(68, 136, 161, 'supports', 1),
(69, 136, 163, 'supports', 1),
(70, 139, 167, 'supports', 1),
(71, 190, 191, 'supports', 1),
(134, 313, 315, 'supports', 16),
(133, 314, 315, 'supports', 16),
(132, 312, 209, 'supports', 16),
(123, 300, 301, 'supports', 14),
(85, 212, 213, 'supports', 10),
(131, 260, 311, 'supports', 15),
(130, 309, 311, 'supports', 15),
(126, 303, 305, 'supports', 15),
(122, 293, 294, 'supports', 14),
(86, 204, 215, 'opposes', 10),
(87, 216, 220, 'supports', 10),
(129, 310, 311, 'supports', 15),
(128, 306, 308, 'supports', 15),
(127, 307, 308, 'supports', 15),
(125, 304, 305, 'supports', 15),
(124, 299, 298, 'supports', 14),
(93, 251, 252, 'supports', 1),
(94, 251, 253, 'supports', 1),
(95, 253, 263, 'opposes', 1),
(96, 270, 271, 'supports', 1),
(97, 276, 269, 'opposes', 1),
(98, 278, 277, 'supports', 1),
(99, 280, 281, 'supports', 1),
(100, 274, 281, 'supports', 1),
(101, 275, 281, 'supports', 1),
(109, 277, 0, 'supports', 1),
(108, 269, 282, 'supports', 1),
(107, 282, 281, 'opposite', 1),
(112, 277, 274, 'supports', 1),
(113, 283, 275, 'supports', 1),
(114, 273, 282, 'supports', 1),
(115, 272, 282, 'supports', 1),
(116, 271, 282, 'supports', 1),
(117, 284, 280, 'opposes', 1),
(118, 286, 277, 'supports', 1),
(119, 287, 288, 'opposes', 8),
(120, 289, 288, 'supports', 8),
(149, 330, 332, 'supports', 1),
(147, 279, 280, 'supports', 1),
(148, 331, 332, 'supports', 1),
(150, 247, 246, 'supports', 1),
(151, 248, 246, 'supports', 1),
(152, 322, 333, 'supports', 1),
(153, 318, 333, 'supports', 1),
(159, 291, 334, 'opposes', 8),
(160, 337, 336, 'opposes', 18),
(161, 340, 339, 'supports', 18),
(162, 335, 288, 'opposes', 8),
(163, 342, 288, 'supports', 8),
(164, 343, 288, 'supports', 8),
(165, 344, 287, 'supports', 18),
(166, 348, 347, 'opposes', 19),
(167, 349, 347, 'supports', 19),
(168, 350, 347, 'supports', 19),
(169, 351, 329, 'supports', 19),
(170, 355, 294, 'supports', 20),
(171, 360, 359, 'supports', 21),
(172, 362, 361, 'supports', 21),
(173, 363, 362, 'supports', 21),
(174, 367, 294, 'supports', 22),
(175, 369, 368, 'opposes', 22),
(176, 370, 242, 'opposes', 22),
(177, 371, 242, 'supports', 22),
(178, 371, 241, 'supports', 22),
(179, 379, 294, 'supports', 23),
(180, 388, 294, 'supports', 24),
(181, 415, 418, 'supports', 26),
(182, 416, 418, 'supports', 26),
(183, 417, 416, 'supports', 26);

-- --------------------------------------------------------

-- 
-- Table structure for table `point_topics`
-- 

DROP TABLE IF EXISTS `point_topics`;
CREATE TABLE IF NOT EXISTS `point_topics` (
  `id` int(11) unsigned NOT NULL auto_increment,
  `point_id` int(11) unsigned NOT NULL,
  `topic_id` int(11) unsigned NOT NULL,
  `user_id` int(11) unsigned NOT NULL,
  PRIMARY KEY  (`id`),
  UNIQUE KEY `point_id` (`point_id`,`topic_id`)
) ENGINE=MyISAM  DEFAULT CHARSET=latin1 AUTO_INCREMENT=269 ;

-- 
-- Dumping data for table `point_topics`
-- 

INSERT INTO `point_topics` (`id`, `point_id`, `topic_id`, `user_id`) VALUES 
(1, 2, 1, 8),
(138, 291, 53, 0),
(3, 72, 3, 8),
(4, 131, 5, 1),
(5, 128, 5, 1),
(6, 132, 5, 1),
(7, 133, 6, 1),
(8, 136, 6, 1),
(9, 135, 6, 1),
(10, 137, 6, 1),
(11, 143, 7, 1),
(12, 143, 6, 1),
(13, 147, 8, 1),
(14, 148, 9, 1),
(15, 150, 10, 1),
(16, 150, 9, 1),
(17, 148, 11, 1),
(18, 149, 11, 1),
(19, 151, 9, 1),
(20, 153, 12, 1),
(21, 152, 6, 1),
(22, 158, 13, 1),
(23, 159, 13, 1),
(24, 154, 14, 1),
(25, 160, 6, 1),
(26, 168, 6, 1),
(27, 168, 15, 1),
(28, 175, 6, 1),
(29, 176, 6, 1),
(30, 176, 16, 1),
(31, 175, 16, 1),
(32, 183, 17, 1),
(33, 183, 6, 1),
(34, 197, 18, 1),
(35, 197, 19, 1),
(36, 196, 19, 1),
(37, 201, 9, 1),
(38, 73, 6, 8),
(40, 2, 4, 8),
(44, 210, 3, 8),
(45, 209, 3, 8),
(46, 191, 3, 8),
(47, 208, 3, 8),
(48, 207, 3, 8),
(49, 216, 20, 10),
(50, 230, 21, 11),
(51, 235, 3, 12),
(52, 237, 3, 12),
(53, 232, 3, 12),
(54, 234, 3, 12),
(55, 202, 9, 1),
(56, 135, 23, 1),
(57, 73, 24, 1),
(58, 223, 25, 1),
(59, 223, 7, 1),
(60, 230, 26, 1),
(61, 227, 27, 1),
(62, 221, 25, 1),
(63, 225, 28, 1),
(64, 229, 29, 1),
(65, 194, 28, 1),
(66, 78, 31, 8),
(67, 79, 31, 8),
(71, 74, 32, 8),
(70, 75, 32, 8),
(72, 75, 33, 8),
(73, 74, 33, 8),
(74, 70, 6, 8),
(75, 76, 34, 8),
(76, 70, 3, 8),
(77, 248, 35, 1),
(78, 247, 35, 1),
(79, 246, 36, 1),
(80, 249, 37, 1),
(81, 249, 38, 1),
(82, 67, 32, 8),
(83, 257, 39, 1),
(84, 258, 39, 1),
(85, 260, 40, 0),
(86, 260, 41, 1),
(87, 261, 35, 0),
(88, 262, 42, 0),
(89, 256, 43, 1),
(90, 256, 44, 1),
(91, 253, 43, 1),
(92, 255, 43, 1),
(93, 263, 43, 0),
(94, 264, 45, 0),
(95, 265, 42, 0),
(96, 266, 42, 0),
(97, 167, 6, 1),
(98, 166, 6, 1),
(99, 165, 6, 1),
(100, 164, 6, 1),
(101, 163, 6, 1),
(102, 162, 6, 1),
(103, 161, 6, 1),
(104, 255, 44, 1),
(105, 253, 44, 1),
(106, 267, 48, 0),
(107, 268, 25, 0),
(108, 269, 50, 0),
(109, 270, 50, 0),
(110, 271, 50, 0),
(111, 272, 50, 0),
(112, 273, 50, 0),
(113, 274, 50, 0),
(114, 275, 50, 0),
(115, 276, 50, 0),
(116, 277, 50, 0),
(117, 278, 25, 0),
(118, 279, 50, 0),
(119, 280, 50, 0),
(120, 281, 50, 1),
(121, 283, 50, 0),
(122, 282, 50, 1),
(123, 284, 50, 0),
(124, 285, 25, 0),
(125, 286, 50, 0),
(126, 209, 6, 8),
(130, 143, 3, 8),
(132, 160, 3, 8),
(133, 287, 52, 0),
(134, 288, 53, 8),
(136, 290, 53, 8),
(137, 289, 53, 8),
(139, 140, 6, 8),
(140, 139, 6, 13),
(141, 292, 56, 0),
(142, 293, 39, 0),
(143, 294, 39, 0),
(144, 295, 57, 0),
(145, 296, 57, 0),
(146, 297, 57, 0),
(147, 298, 58, 0),
(148, 299, 58, 0),
(149, 300, 58, 0),
(150, 302, 58, 14),
(151, 303, 39, 15),
(152, 304, 39, 15),
(153, 306, 59, 15),
(154, 307, 59, 15),
(155, 308, 59, 15),
(156, 309, 41, 15),
(157, 310, 41, 15),
(158, 312, 3, 16),
(159, 313, 60, 16),
(160, 314, 61, 16),
(161, 316, 62, 16),
(162, 315, 63, 16),
(187, 342, 53, 8),
(164, 318, 3, 16),
(165, 319, 64, 17),
(166, 322, 3, 8),
(167, 324, 58, 8),
(173, 330, 50, 1),
(169, 326, 58, 8),
(170, 327, 65, 0),
(171, 328, 41, 0),
(172, 329, 41, 0),
(174, 331, 50, 1),
(175, 332, 50, 1),
(176, 333, 6, 1),
(177, 335, 53, 8),
(178, 336, 40, 18),
(179, 337, 40, 18),
(180, 338, 66, 18),
(181, 339, 66, 18),
(182, 340, 66, 18),
(183, 340, 67, 18),
(184, 338, 67, 18),
(185, 339, 67, 18),
(186, 341, 67, 18),
(188, 343, 53, 18),
(189, 344, 52, 18),
(190, 345, 68, 19),
(191, 346, 68, 19),
(192, 347, 69, 19),
(193, 348, 69, 19),
(194, 349, 69, 19),
(195, 350, 69, 19),
(196, 351, 41, 19),
(197, 352, 41, 19),
(198, 353, 41, 19),
(199, 354, 41, 19),
(200, 355, 39, 20),
(201, 356, 72, 20),
(202, 357, 73, 20),
(203, 103, 72, 20),
(204, 358, 74, 20),
(205, 359, 75, 21),
(206, 360, 75, 21),
(207, 361, 39, 21),
(208, 362, 39, 21),
(209, 363, 39, 21),
(210, 364, 39, 21),
(211, 365, 76, 21),
(212, 366, 76, 21),
(213, 367, 39, 22),
(214, 368, 60, 22),
(215, 369, 77, 22),
(216, 370, 60, 22),
(217, 371, 60, 22),
(218, 372, 78, 22),
(219, 373, 79, 22),
(220, 374, 78, 22),
(221, 375, 80, 22),
(222, 376, 81, 22),
(223, 377, 81, 22),
(224, 378, 82, 22),
(225, 379, 39, 23),
(226, 380, 83, 23),
(227, 381, 39, 23),
(228, 382, 84, 23),
(229, 383, 84, 23),
(230, 384, 84, 23),
(231, 385, 85, 23),
(232, 386, 41, 23),
(233, 387, 86, 23),
(234, 388, 39, 24),
(235, 389, 87, 24),
(236, 390, 87, 24),
(237, 391, 87, 24),
(238, 392, 87, 24),
(239, 393, 88, 24),
(240, 394, 89, 8),
(241, 395, 89, 8),
(242, 396, 89, 8),
(243, 397, 89, 8),
(244, 398, 89, 8),
(245, 399, 90, 1),
(246, 401, 90, 1),
(247, 402, 90, 1),
(248, 403, 90, 1),
(249, 404, 90, 1),
(250, 409, 39, 25),
(251, 410, 91, 25),
(252, 411, 92, 25),
(253, 412, 93, 25),
(254, 413, 94, 25),
(255, 414, 39, 26),
(256, 415, 34, 26),
(257, 416, 96, 26),
(258, 417, 34, 26),
(259, 419, 97, 1),
(260, 420, 97, 1),
(261, 421, 3, 1),
(262, 422, 98, 1),
(263, 423, 98, 1),
(264, 424, 99, 1),
(265, 425, 100, 1),
(266, 426, 100, 1),
(267, 427, 100, 1),
(268, 428, 100, 1);

-- --------------------------------------------------------

-- 
-- Table structure for table `points`
-- 

DROP TABLE IF EXISTS `points`;
CREATE TABLE IF NOT EXISTS `points` (
  `id` int(11) NOT NULL auto_increment,
  `txt` varchar(128) NOT NULL,
  `user_id` int(11) NOT NULL,
  `created_at` datetime NOT NULL,
  `updated_at` timestamp NOT NULL default CURRENT_TIMESTAMP,
  PRIMARY KEY  (`id`),
  KEY `txt` (`txt`),
  KEY `user_id` (`user_id`),
  FULLTEXT KEY `text` (`txt`)
) ENGINE=MyISAM  DEFAULT CHARSET=latin1 AUTO_INCREMENT=429 ;

-- 
-- Dumping data for table `points`
-- 

INSERT INTO `points` (`id`, `txt`, `user_id`, `created_at`, `updated_at`) VALUES 
(1, 'test point 1', 8, '2008-07-14 11:03:32', '2008-08-05 21:24:55'),
(2, 'test point 2', 8, '2008-07-14 11:04:22', '0000-00-00 00:00:00'),
(3, 'Viewing opposing arguments helps people decide which argument they agree with', 8, '2008-07-14 11:15:25', '0000-00-00 00:00:00'),
(4, 'Scope and context are important for statements and arguments', 8, '2008-07-14 11:17:15', '0000-00-00 00:00:00'),
(5, 'Relationships between statements may be vague or difficult to define', 8, '2008-07-14 15:41:45', '0000-00-00 00:00:00'),
(6, 'NLP tasks require large training sets to be effective', 8, '2008-07-14 15:54:29', '0000-00-00 00:00:00'),
(7, 'Social media systems contribute up to one third of new web content.', 1, '2008-07-15 13:44:34', '0000-00-00 00:00:00'),
(8, 'Finin et al analysed blogs to detect spam blogs, influential blogs, opinions, and communities of interest.', 1, '2008-07-15 13:46:04', '0000-00-00 00:00:00'),
(9, 'Millions of people contribute to social media', 1, '2008-07-15 13:46:31', '0000-00-00 00:00:00'),
(10, 'Finin et al modeled information flow and trust on blogs', 1, '2008-07-15 13:48:31', '0000-00-00 00:00:00'),
(11, 'One can infer social networks from blog posts', 1, '2008-07-15 14:06:29', '0000-00-00 00:00:00'),
(12, 'Finin et al detected influential blogs', 1, '2008-07-15 14:07:23', '0000-00-00 00:00:00'),
(13, 'Influence on the web is often a function of topic', 1, '2008-07-15 14:08:52', '0000-00-00 00:00:00'),
(14, 'Epidemic models can be used to find influential individuals', 1, '2008-07-15 14:09:20', '0000-00-00 00:00:00'),
(15, 'A blog can be very influential without having many readers', 1, '2008-07-15 14:10:19', '0000-00-00 00:00:00'),
(16, 'One can infer blog topics by looking at Bloglines folders', 1, '2008-07-15 14:14:24', '0000-00-00 00:00:00'),
(17, 'Researchers have performed sentiment extraction on blog posts', 1, '2008-07-15 14:18:09', '0000-00-00 00:00:00'),
(18, 'We can predict "tipping points" by analysing sentiment in blogs', 1, '2008-07-15 14:18:43', '0000-00-00 00:00:00'),
(19, 'blog posts are difficult to analyse with standard language analysis tools', 1, '2008-07-15 14:19:32', '0000-00-00 00:00:00'),
(20, 'Finin et al showed how to eliminate spam content from blogs', 1, '2008-07-15 14:20:29', '0000-00-00 00:00:00'),
(21, '"link polarity" allows one to deduce which blogs influence each other', 1, '2008-07-15 14:22:09', '0000-00-00 00:00:00'),
(22, 'Spam is a serious problem for blogs and social media', 1, '2008-07-15 14:25:38', '0000-00-00 00:00:00'),
(23, 'Spam blogs use hijacked content to draw attention to adverts or link farms', 1, '2008-07-15 14:28:29', '0000-00-00 00:00:00'),
(24, 'Spam blogs can be detected by looking at the word sequences on the page', 1, '2008-07-15 14:30:26', '0000-00-00 00:00:00'),
(25, 'Spam blogs can be detected by looking at what links to them', 1, '2008-07-15 14:32:11', '0000-00-00 00:00:00'),
(26, 'One can infer link polarity by the words around the link', 1, '2008-07-15 14:34:17', '0000-00-00 00:00:00'),
(27, 'Link polarity can be inferred without using complex natural language processing techniques', 1, '2008-07-15 14:36:00', '0000-00-00 00:00:00'),
(28, 'Republican blogs typically have a higher connectivity than democrat blogs', 1, '2008-07-15 14:38:11', '0000-00-00 00:00:00'),
(29, 'Finin et al applied trust propagation models over polar links to infer trust and influence patterns for blogs', 1, '2008-07-15 14:39:23', '0000-00-00 00:00:00'),
(30, 'Blog writers are enthusiastic blog readers', 1, '2008-07-15 14:55:57', '0000-00-00 00:00:00'),
(31, 'Summary statements can serve as a representation of a document', 8, '2008-07-16 10:56:50', '0000-00-00 00:00:00'),
(32, 'Document similarity needs to consider both document content  and inlinks', 8, '2008-07-16 11:03:23', '0000-00-00 00:00:00'),
(33, 'Parallel execution may be necessary to process a large volume of data', 8, '2008-07-16 11:05:44', '0000-00-00 00:00:00'),
(34, 'User studies are ineffective', 8, '2008-07-16 11:07:16', '0000-00-00 00:00:00'),
(35, 'Hierarchical data organization on the web groups similar data together', 8, '2008-07-16 11:11:57', '0000-00-00 00:00:00'),
(36, 'Deriving the full set of meaningful words is important to computing similarity', 8, '2008-07-16 11:19:52', '0000-00-00 00:00:00'),
(37, 'One can influence others'' opinions via blogging', 8, '2008-07-16 14:51:23', '0000-00-00 00:00:00'),
(38, 'User consensus is authoritative in document classification', 8, '2008-07-16 14:57:55', '0000-00-00 00:00:00'),
(39, 'Like-minded blogs can discovered using link polarity and trust propagation', 1, '2008-07-16 15:04:00', '0000-00-00 00:00:00'),
(40, 'The Blogosphere can be analyzed to discover the most influential bloggers', 1, '2008-07-16 15:08:37', '0000-00-00 00:00:00'),
(41, 'Feature selection is important in machine learning algorithms', 1, '2008-07-16 15:17:20', '0000-00-00 00:00:00'),
(42, 'MapReduce cannot be used when a centralized reduce operation has high overhead', 8, '2008-07-16 17:00:15', '0000-00-00 00:00:00'),
(43, 'LDA is useful for finding statements about the same topic', 8, '2008-07-16 17:15:04', '0000-00-00 00:00:00'),
(44, 'Parallel execution is easier when each data item is independent', 8, '2008-07-16 17:17:02', '0000-00-00 00:00:00'),
(45, 'Using a master node to communicate in distributed settings can be inefficient', 8, '2008-07-16 17:29:03', '0000-00-00 00:00:00'),
(46, 'Jesse Jackson uses the n-word to refer to black people', 1, '2008-07-16 18:59:24', '0000-00-00 00:00:00'),
(47, 'Nixon used executive privilege to dodge prosecution during the watergate scandal', 1, '2008-07-16 19:00:18', '0000-00-00 00:00:00'),
(48, 'George W Bush used executive priveledge to dodge prosecution over the Valerie Plame scandal', 1, '2008-07-16 19:01:07', '0000-00-00 00:00:00'),
(49, 'Executive privilege is not intended to be used to protect the president from investigation', 1, '2008-07-16 19:03:22', '0000-00-00 00:00:00'),
(50, 'Most diets do not work well', 1, '2008-07-16 19:27:10', '0000-00-00 00:00:00'),
(51, 'Dieters lose most weight at the beginning of the diet', 1, '2008-07-16 19:28:11', '0000-00-00 00:00:00'),
(52, 'Dieters often regain lost weight as the diet continues', 1, '2008-07-16 19:28:43', '0000-00-00 00:00:00'),
(53, 'If Apple loses the Psystar case then other companies are likely to start selling Mac clones', 1, '2008-07-16 19:31:06', '0000-00-00 00:00:00'),
(54, 'Many computer companies would like to sell Mac clones', 1, '2008-07-16 19:32:04', '0000-00-00 00:00:00'),
(55, 'EPO is the hormone that regulates red blood cell production', 1, '2008-07-16 19:40:06', '0000-00-00 00:00:00'),
(56, 'In rails one can use the class_name option to belongs_to to use arbitrary names for foreign keys', 1, '2008-07-16 22:26:54', '0000-00-00 00:00:00'),
(57, 'Rails programmers should use eager loading to reduce the number of database queries made', 1, '2008-07-16 22:28:08', '0000-00-00 00:00:00'),
(58, 'database views can be used to adapt a legacy database to rails conventions', 1, '2008-07-16 22:29:24', '0000-00-00 00:00:00'),
(59, 'set_table_name allows one to override the rails default table name', 1, '2008-07-16 22:38:50', '0000-00-00 00:00:00'),
(60, 'set_primary_key allows one to override the rails default primary key name', 1, '2008-07-16 22:39:21', '0000-00-00 00:00:00'),
(61, 'Taxes are too high in California', 8, '2008-07-17 09:22:56', '0000-00-00 00:00:00'),
(62, 'Middle-income wage-earners can find themselves pushed into higher tax brackets', 8, '2008-07-17 09:26:31', '0000-00-00 00:00:00'),
(63, 'People are moving away from California', 8, '2008-07-17 09:28:21', '0000-00-00 00:00:00'),
(64, 'California is dependent on its wealthy wage-earners', 8, '2008-07-17 09:29:10', '0000-00-00 00:00:00'),
(65, 'Housing prices are falling', 8, '2008-07-17 09:30:12', '0000-00-00 00:00:00'),
(66, 'California is spending too much money', 8, '2008-07-17 09:31:11', '0000-00-00 00:00:00'),
(67, 'The iPhone is the most popular smart phone', 8, '2008-07-17 09:40:21', '0000-00-00 00:00:00'),
(68, 'BlackBerrys have hidden features', 1, '2008-07-17 09:46:49', '0000-00-00 00:00:00'),
(69, 'The New Yorker magazine is influential', 8, '2008-07-17 09:49:24', '0000-00-00 00:00:00'),
(70, 'Barack Obama artwork is popular', 8, '2008-07-17 09:50:11', '0000-00-00 00:00:00'),
(71, 'African Americans are associated with graffiti', 8, '2008-07-17 09:51:42', '0000-00-00 00:00:00'),
(72, 'McCain is less controversial than Obama', 8, '2008-07-17 10:11:23', '0000-00-00 00:00:00'),
(73, 'Obama has used cocaine', 8, '2008-07-17 10:29:57', '0000-00-00 00:00:00'),
(74, 'The iPhone is lacking features', 8, '2008-07-17 10:39:34', '0000-00-00 00:00:00'),
(75, 'The iPhone is too expensive', 8, '2008-07-17 10:40:21', '0000-00-00 00:00:00'),
(76, 'The Bush administration is too conservative', 8, '2008-07-17 10:49:23', '0000-00-00 00:00:00'),
(77, 'The Bush administration is trying to redefine contraception as abortion', 8, '2008-07-17 10:50:28', '0000-00-00 00:00:00'),
(78, 'Text classification is useful', 1, '2008-07-18 11:00:26', '0000-00-00 00:00:00'),
(79, 'Text classification often deals with sparse data sets', 8, '2008-07-18 11:05:47', '0000-00-00 00:00:00'),
(80, 'rails 2.0 requires you to declare a named route for each type in order to use the form_for method', 1, '0000-00-00 00:00:00', '0000-00-00 00:00:00'),
(81, 'Rails partials allow one to include one view inside another', 1, '0000-00-00 00:00:00', '0000-00-00 00:00:00'),
(82, 'A suicide barrier on the Golden Gate bridge could make it more vulnerable to wind damage', 1, '0000-00-00 00:00:00', '0000-00-00 00:00:00'),
(83, 'The Golden Gate Bridge is more vulnerable to wind than to earthquakes', 1, '0000-00-00 00:00:00', '0000-00-00 00:00:00'),
(84, 'A suicide barrier on the Golden Gate Bridge could be dangerous for cyclist if it catches their handlebars', 1, '0000-00-00 00:00:00', '0000-00-00 00:00:00'),
(85, 'Over a thousand people have committed suicide from the Golden Gate Bridge', 1, '0000-00-00 00:00:00', '0000-00-00 00:00:00'),
(86, 'Erecting a suicide barrier on a bridge does not just push suicides elsewhere', 1, '0000-00-00 00:00:00', '0000-00-00 00:00:00'),
(87, 'Suicide barriers on bridges work effectively', 1, '0000-00-00 00:00:00', '0000-00-00 00:00:00'),
(88, 'People have been calling for a suicide barrier on the Golden Gate Bridge for a long time', 1, '0000-00-00 00:00:00', '0000-00-00 00:00:00'),
(89, 'A suicide barrier would ruin the visual experience of travelling across the golden gate bridge', 1, '0000-00-00 00:00:00', '0000-00-00 00:00:00'),
(90, 'Suicide barriers can make buildings less attractive', 1, '0000-00-00 00:00:00', '0000-00-00 00:00:00'),
(91, 'Jumping from the Golden Gate bridge almost always results in death', 1, '0000-00-00 00:00:00', '0000-00-00 00:00:00'),
(92, 'Jumping from a bridge is an unpleasant way to die', 1, '0000-00-00 00:00:00', '0000-00-00 00:00:00'),
(93, 'People who die in the water get eaten by fish', 1, '0000-00-00 00:00:00', '0000-00-00 00:00:00'),
(94, 'Letting people commit suicide on bridges prevents them killing themselves in ways that might harm others', 1, '0000-00-00 00:00:00', '0000-00-00 00:00:00'),
(95, 'Most people prevented from jumping off the golden gate bridge do not go on to commit suicide', 1, '0000-00-00 00:00:00', '0000-00-00 00:00:00'),
(96, '$25 million was spent adding a moveable median to the Golden Gate bridge - which would have saved only one life since 1997', 1, '0000-00-00 00:00:00', '0000-00-00 00:00:00'),
(97, 'The Golden Gate Bridge is the worlds most popular suicide spot', 1, '0000-00-00 00:00:00', '0000-00-00 00:00:00'),
(98, 'Most people who commit suicide on the golden gate bridge are local residents', 1, '0000-00-00 00:00:00', '0000-00-00 00:00:00'),
(99, 'Most people who jump from the Golden Gate Bridge are men', 1, '0000-00-00 00:00:00', '0000-00-00 00:00:00'),
(100, 'The Golden Gate bridge is popular for suicides because it is so easy to kill yourself there', 1, '0000-00-00 00:00:00', '0000-00-00 00:00:00'),
(101, 'The original design for the golden gate bridge included a higher barrier that would have reduced suicides', 1, '0000-00-00 00:00:00', '0000-00-00 00:00:00'),
(102, 'You can pass arguments to Rails partials ', 1, '0000-00-00 00:00:00', '0000-00-00 00:00:00'),
(103, 'Obama plans to withdraw US forces from Iraq over a 16 month period', 1, '0000-00-00 00:00:00', '0000-00-00 00:00:00'),
(104, 'The Iraqi prime minister endorses Obama''s plans for a troop withdrawl', 1, '0000-00-00 00:00:00', '0000-00-00 00:00:00'),
(105, 'McCain attacks Obama based on his lack of military experience', 1, '0000-00-00 00:00:00', '0000-00-00 00:00:00'),
(106, 'McCain plans to withdraw US forces from Iraq', 1, '0000-00-00 00:00:00', '0000-00-00 00:00:00'),
(107, 'Apple predicts a drop in sales in the coming quarter', 1, '0000-00-00 00:00:00', '0000-00-00 00:00:00'),
(108, 'Investors are worried about the health of Steve Jobs', 1, '0000-00-00 00:00:00', '0000-00-00 00:00:00'),
(109, 'Steve Jobs had pancreatic cancel in 2004', 1, '0000-00-00 00:00:00', '0000-00-00 00:00:00'),
(110, 'The success of Apple depends on Steve Jobs being healthy enough to lead them', 1, '0000-00-00 00:00:00', '0000-00-00 00:00:00'),
(111, 'Steve Jobs is looking dangerously thin', 1, '0000-00-00 00:00:00', '0000-00-00 00:00:00'),
(112, 'Steve Jobs kept private about having cancer previously', 1, '0000-00-00 00:00:00', '0000-00-00 00:00:00'),
(113, 'Apple needs to articulate a succession plan for life after Steve Jobs', 1, '0000-00-00 00:00:00', '0000-00-00 00:00:00'),
(114, 'Jonathan Ive is being touted as the successor to Steve Jobs as Apple CEO', 1, '0000-00-00 00:00:00', '0000-00-00 00:00:00'),
(115, 'Jonathan Ive is unlikely to succeed Steve Jobs', 1, '0000-00-00 00:00:00', '0000-00-00 00:00:00'),
(116, 'Jonathan ive has purchased a mansion in the UK', 1, '0000-00-00 00:00:00', '2008-07-21 22:38:19'),
(117, 'Christian zionists want the jews to return to Israel in order to hasten the end of the world', 1, '0000-00-00 00:00:00', '2008-07-22 13:17:00'),
(118, 'test point 3', 8, '0000-00-00 00:00:00', '2008-07-23 11:02:31'),
(119, 'Hasbro has sued the creators of Scrabulous', 1, '0000-00-00 00:00:00', '2008-07-24 15:50:26'),
(120, 'Hasbro''s official scrabble is much less popular than Scrabulous', 1, '0000-00-00 00:00:00', '2008-07-24 15:52:38'),
(121, 'If git gives you a "cannot merge" error then this may mean you need to commit recent changes', 1, '0000-00-00 00:00:00', '2008-07-24 17:03:33'),
(122, 'If git gives you a ''cannot merge'' error then this may mean you need to commit recent changes', 1, '0000-00-00 00:00:00', '2008-07-24 17:03:58'),
(123, 'MySql allows one to run a script file using the \\. or source command.', 1, '0000-00-00 00:00:00', '2008-07-24 19:18:26'),
(124, 'Labout will lose the next general election', 1, '0000-00-00 00:00:00', '2008-07-24 19:24:17'),
(125, 'Glasgow East was one of labour''s safest seats', 1, '0000-00-00 00:00:00', '2008-07-24 19:24:52'),
(126, 'Every part of Britain has turned against labour', 1, '0000-00-00 00:00:00', '2008-07-24 19:26:57'),
(127, 'Labour lost the Glasgow East byelection', 1, '0000-00-00 00:00:00', '2008-07-24 19:27:38'),
(128, 'The 2008 LA earthquake was 5.4 magnitude.', 1, '0000-00-00 00:00:00', '2008-07-29 14:12:44'),
(129, 'The 2008 LA earthquake caused no major damage or injuries', 1, '0000-00-00 00:00:00', '2008-07-29 14:13:12'),
(130, 'Ehud Olmert will resign once his party chooses a new leader', 1, '0000-00-00 00:00:00', '2008-07-30 14:43:05'),
(131, 'Cell phones jammed during the 2008 LA earthquake', 1, '0000-00-00 00:00:00', '2008-07-31 12:26:50'),
(132, 'There were roughly 50 aftershocks from the 2008 LA earthquake', 1, '0000-00-00 00:00:00', '2008-07-31 12:53:57'),
(133, 'Obama is not a muslim', 1, '0000-00-00 00:00:00', '2008-08-01 18:03:58'),
(134, 'Obama was an Illinois state senator for several years', 1, '0000-00-00 00:00:00', '2008-08-01 18:05:05'),
(135, 'Obama was born in Hawaii', 1, '0000-00-00 00:00:00', '2008-08-01 18:06:21'),
(136, 'Obama''s father is black and his mother is white', 1, '0000-00-00 00:00:00', '2008-08-01 18:06:41'),
(137, 'Obama attended both Catholic and Muslim schools', 1, '0000-00-00 00:00:00', '2008-08-01 18:10:24'),
(138, 'Obama''s father left when he was two years old', 1, '0000-00-00 00:00:00', '2008-08-01 18:12:30'),
(139, 'Obama was not influenced much by his father', 1, '0000-00-00 00:00:00', '2008-08-01 18:13:32'),
(140, 'Obama did not attend a madrassa', 1, '0000-00-00 00:00:00', '2008-08-01 18:16:30'),
(141, 'The Republican''s hope to use racism to defeat Obama', 1, '0000-00-00 00:00:00', '2008-08-01 18:21:06'),
(142, 'McCain and Obama both support a cap and trade system to restrict carbon emmissions', 1, '0000-00-00 00:00:00', '2008-08-01 18:22:26'),
(143, 'McCain''s campaign adverts misrepresent Obama', 1, '0000-00-00 00:00:00', '2008-08-01 18:25:08'),
(144, 'Obama is associated with violent 1960s radicals', 1, '0000-00-00 00:00:00', '2008-08-01 18:30:31'),
(145, 'Obama is a friend of the 1960s radical William Ayers', 1, '0000-00-00 00:00:00', '2008-08-01 18:32:03'),
(146, 'Obama is not a close friend of William Ayers', 1, '0000-00-00 00:00:00', '2008-08-01 18:32:22'),
(147, 'Hilary Clinton interned at a radical San Francisco law firm while in law chool', 1, '0000-00-00 00:00:00', '2008-08-01 18:33:25'),
(148, 'Bernadine Dohrn was leader of the Weather Underground', 1, '0000-00-00 00:00:00', '2008-08-01 18:41:19'),
(149, 'Bernadine Dohrn is a professor at Northwestern University', 1, '0000-00-00 00:00:00', '2008-08-01 18:42:02'),
(150, 'Bill Ayers was a central figure in the Weather Underground', 1, '0000-00-00 00:00:00', '2008-08-01 18:42:54'),
(151, 'The former members of the Weather Underground now live fairly normal lives', 1, '0000-00-00 00:00:00', '2008-08-01 18:46:08'),
(152, 'Obama lied about his uncle liberating Auschwitz', 1, '0000-00-00 00:00:00', '2008-08-01 18:59:27'),
(153, 'The only force to liberate Nazi death-camp victims were the soviets', 1, '0000-00-00 00:00:00', '2008-08-01 19:01:41'),
(154, 'Obama represented slum landlorn Tony Rezko', 1, '0000-00-00 00:00:00', '2008-08-01 19:06:53'),
(155, 'Obama received financial support from Tony Rezko', 1, '0000-00-00 00:00:00', '2008-08-01 19:07:48'),
(156, 'Obama''s senate district included several of Tony Rezko''s properties', 1, '0000-00-00 00:00:00', '2008-08-01 19:08:37'),
(157, 'Slum landlord Tony Rezko was part of Obama''s 2003 senate campaign finance committee', 1, '0000-00-00 00:00:00', '2008-08-01 19:09:40'),
(158, 'Tony Rezko was indicted for soliciting kickbacks', 1, '0000-00-00 00:00:00', '2008-08-01 19:12:48'),
(159, 'Obama turned down a job from Tony Rezko', 1, '0000-00-00 00:00:00', '2008-08-01 19:19:34'),
(160, 'Barack Obama is the first black nominee for a major US political party', 1, '0000-00-00 00:00:00', '2008-08-01 19:21:14'),
(161, 'Obama''s father is from Kenya', 1, '0000-00-00 00:00:00', '2008-08-01 19:23:54'),
(162, 'Obama''s father was an atheist', 1, '0000-00-00 00:00:00', '2008-08-01 19:24:49'),
(163, 'Obama''s mother is from Kansas', 1, '0000-00-00 00:00:00', '2008-08-01 19:25:08'),
(164, 'Obama''s father did a PhD at Harvard', 1, '0000-00-00 00:00:00', '2008-08-01 19:26:28'),
(165, 'Obama went to school in indonesia', 1, '0000-00-00 00:00:00', '2008-08-01 19:27:09'),
(166, 'Obama was known as "Barry" is a child', 1, '0000-00-00 00:00:00', '2008-08-01 19:27:49'),
(167, 'Obama only saw his father once after his parents divorced', 1, '0000-00-00 00:00:00', '2008-08-01 19:28:40'),
(168, 'Obama studied political science at Columbia University', 1, '0000-00-00 00:00:00', '2008-08-01 19:29:42'),
(169, 'Obama worked as a community organizer for low income residents in Chicago''s South Side', 1, '0000-00-00 00:00:00', '2008-08-01 19:30:59'),
(170, 'Obama was the first black editor of the Harvard Law Review', 1, '0000-00-00 00:00:00', '2008-08-01 19:31:41'),
(171, 'Obama taught at the University of Chicago law school', 1, '0000-00-00 00:00:00', '2008-08-01 19:32:10'),
(172, 'Obama published an autobiography in 1995 : Dreams from My Father', 1, '0000-00-00 00:00:00', '2008-08-01 19:32:51'),
(173, 'Obama represented the Chicago South Side neighborhood of Hyde Park in the Illinois State Senate', 1, '0000-00-00 00:00:00', '2008-08-01 19:33:39'),
(174, 'Obama made an unsuccessful run for the US House of representatives in 2000', 1, '0000-00-00 00:00:00', '2008-08-01 19:34:24'),
(175, 'Obama was an early opponent of the Iraq war', 1, '0000-00-00 00:00:00', '2008-08-01 19:34:49'),
(176, 'Obama predicted problems with the invasion of Iraq ', 1, '0000-00-00 00:00:00', '2008-08-01 19:35:46'),
(177, 'Obama was elected to the US senate in 2004', 1, '0000-00-00 00:00:00', '2008-08-01 19:37:17'),
(178, 'Obama gave the keynote speech at the 2004 Democratic National Convention', 1, '0000-00-00 00:00:00', '2008-08-01 19:38:02'),
(179, 'Obama won his senate seat with the largest electoral margin in Illinois history', 1, '0000-00-00 00:00:00', '2008-08-01 19:40:11'),
(180, 'Obama is only the third black elected to the US since reconstruction', 1, '0000-00-00 00:00:00', '2008-08-01 19:40:36'),
(181, 'Obama has worked together with republicans', 1, '0000-00-00 00:00:00', '2008-08-01 19:42:41'),
(182, 'Obama was the first person to raise the risk of Avian Flu on the senate floor', 1, '0000-00-00 00:00:00', '2008-08-01 19:43:14'),
(183, 'Obama lives in Chicago''s South Side', 1, '0000-00-00 00:00:00', '2008-08-01 19:44:09'),
(184, 'Obama does put his hand over his heart during the US national anthem', 1, '0000-00-00 00:00:00', '2008-08-01 19:47:17'),
(185, 'Barack Obama has no problem with the US pledge of allegiance', 1, '0000-00-00 00:00:00', '2008-08-01 19:48:02'),
(186, 'Obama was not sworn into office on the Quran', 1, '0000-00-00 00:00:00', '2008-08-01 19:49:02'),
(187, 'There are false rumurs circulating about Barack Obama''s patriotism', 1, '0000-00-00 00:00:00', '2008-08-01 19:50:18'),
(188, 'Obama would back limited off-shore drilling for oil', 1, '0000-00-00 00:00:00', '2008-08-01 19:51:25'),
(189, 'Obama is sceptical of the value of expanded off-shore drilling for oil', 1, '0000-00-00 00:00:00', '2008-08-01 19:52:14'),
(190, 'Obama changed his opinion on off-shore drilling for oil', 1, '0000-00-00 00:00:00', '2008-08-01 19:52:31'),
(191, 'Obama is a flip-flopper', 1, '0000-00-00 00:00:00', '2008-08-01 19:52:51'),
(192, 'Many bridges in America are structurally deficient', 1, '0000-00-00 00:00:00', '2008-08-01 19:55:28'),
(193, 'Higher US gas prices are causing reduced gas tax revenues', 1, '0000-00-00 00:00:00', '2008-08-01 19:56:31'),
(194, 'Nearly every US state is facing a budget crisis', 1, '0000-00-00 00:00:00', '2008-08-01 19:56:54'),
(195, 'Bridges in Minneapolis are still unsafe', 1, '0000-00-00 00:00:00', '2008-08-01 19:58:03'),
(196, 'Mars contains vast quantities of water ice', 1, '0000-00-00 00:00:00', '2008-08-01 20:02:00'),
(197, 'Mars contains water ice', 1, '0000-00-00 00:00:00', '2008-08-01 20:02:25'),
(198, 'The Weather Underground was originally known as The Weathermen', 1, '0000-00-00 00:00:00', '2008-08-01 20:06:16'),
(199, 'The Weather Underground organized riots and bombings', 1, '0000-00-00 00:00:00', '2008-08-01 20:06:46'),
(200, 'The Weather Underground sought to bring about world communism', 1, '0000-00-00 00:00:00', '2008-08-01 20:07:59'),
(201, 'The Weather Underground bombed symbols of capitalism and state authority', 1, '0000-00-00 00:00:00', '2008-08-01 20:08:55'),
(202, 'The Weather Underground were careful to not harm people with their bombings', 1, '0000-00-00 00:00:00', '2008-08-01 20:10:27'),
(203, 'Americans are concerned about the economy', 8, '0000-00-00 00:00:00', '2008-08-06 13:20:45'),
(204, 'Obama is too inexperienced to be president', 8, '0000-00-00 00:00:00', '2008-08-06 13:24:22'),
(205, 'McCain supports the use of nuclear power as an energy solution', 8, '0000-00-00 00:00:00', '2008-08-06 13:30:04'),
(206, 'McCain is concerned about high energy prices', 8, '0000-00-00 00:00:00', '2008-08-06 13:32:30'),
(207, 'Americans think that Obama has dominated the news cycle', 8, '0000-00-00 00:00:00', '2008-08-06 13:33:59'),
(208, 'McCain wants to monitor individual home electricity use', 8, '0000-00-00 00:00:00', '2008-08-06 13:53:05'),
(209, 'Obama is not winning the polls as much as it seems he should', 8, '0000-00-00 00:00:00', '2008-08-06 13:57:01'),
(210, 'McCain opposition of the farm bill may lose him votes in the midwest', 8, '0000-00-00 00:00:00', '2008-08-06 14:03:34'),
(211, 'Cost of living is high', 10, '0000-00-00 00:00:00', '2008-08-06 15:10:26'),
(212, 'Obama and his thoughts about nuclear power', 10, '0000-00-00 00:00:00', '2008-08-06 15:22:10'),
(213, 'Obama and nuclear power', 0, '0000-00-00 00:00:00', '2008-08-06 15:24:32'),
(214, 'White voters do not favor Obama', 10, '0000-00-00 00:00:00', '2008-08-06 15:29:40'),
(215, 'Obama steadily first', 10, '0000-00-00 00:00:00', '2008-08-06 15:32:06'),
(216, 'Ron Wood cannot decide who he loves', 10, '0000-00-00 00:00:00', '2008-08-06 15:37:56'),
(217, 'Jagger and Carla Bruni', 10, '0000-00-00 00:00:00', '2008-08-06 15:39:35'),
(218, 'Jagger to retire?', 10, '0000-00-00 00:00:00', '2008-08-06 15:41:32'),
(219, 'Rolling stones change to Universal records', 10, '0000-00-00 00:00:00', '2008-08-06 15:44:21'),
(220, 'rolling stones'' debaucheries', 10, '0000-00-00 00:00:00', '2008-08-06 15:48:55'),
(221, 'McCain opposes farm subsidies for ethanol', 11, '0000-00-00 00:00:00', '2008-08-06 18:34:43'),
(222, 'McCain wants to open new markets as a substitute for subsidies', 11, '0000-00-00 00:00:00', '2008-08-06 18:35:51'),
(223, 'Some Republicans disagree with McCain on farm subsidies', 11, '0000-00-00 00:00:00', '2008-08-06 18:37:00'),
(224, 'Nine firefighters died in a helicopter crash in the worst such accident ever.', 11, '0000-00-00 00:00:00', '2008-08-06 18:42:41'),
(225, 'Govenor won''t sign any bills before a budget bill', 11, '0000-00-00 00:00:00', '2008-08-06 18:44:58'),
(226, 'Legislators work without pay until they pass a budget', 11, '0000-00-00 00:00:00', '2008-08-06 18:46:26'),
(227, 'Morgan Freeman dumped after car wreck', 11, '0000-00-00 00:00:00', '2008-08-06 18:50:00'),
(228, 'Even old, hardened protocols can be broken.', 11, '0000-00-00 00:00:00', '2008-08-06 18:52:25'),
(229, 'It''s surprising that the west coast wasn''t one of the "heavily patched" regions', 11, '0000-00-00 00:00:00', '2008-08-06 18:54:33'),
(230, 'HIV is especially prevalent among men in Mexico', 11, '0000-00-00 00:00:00', '2008-08-06 19:04:28'),
(231, 'Obama''s electability', 12, '0000-00-00 00:00:00', '2008-08-07 14:24:10'),
(232, 'voter demographics', 12, '0000-00-00 00:00:00', '2008-08-07 14:25:22'),
(233, 'Obama running mate', 12, '0000-00-00 00:00:00', '2008-08-07 14:29:52'),
(234, 'McCain campaign contributions', 12, '0000-00-00 00:00:00', '2008-08-07 14:32:37'),
(235, 'McCain campaign lobbyists', 12, '0000-00-00 00:00:00', '2008-08-07 21:35:23'),
(236, 'presidential election swing states', 12, '0000-00-00 00:00:00', '2008-08-07 14:38:38'),
(237, 'Obama affirmative action', 12, '0000-00-00 00:00:00', '2008-08-07 14:40:02'),
(238, 'international politics surrounding Olympics', 12, '0000-00-00 00:00:00', '2008-08-07 14:47:11'),
(239, 'China''s internal politics surrounding Olympics', 12, '0000-00-00 00:00:00', '2008-08-07 14:50:43'),
(343, 'Hair relaxing should only be done by professionals', 18, '0000-00-00 00:00:00', '2008-08-14 12:03:12'),
(241, 'John Edwards had an extramarital affair', 1, '0000-00-00 00:00:00', '2008-08-08 16:54:11'),
(242, 'John Edwards should not have a role in the 2008 election campaign', 1, '0000-00-00 00:00:00', '2008-08-08 16:54:56'),
(243, 'The Mayor of Detroit has been sent to jail', 1, '0000-00-00 00:00:00', '2008-08-08 16:59:52'),
(244, 'Berkshire Hathaway posted its third successive profit decline', 1, '0000-00-00 00:00:00', '2008-08-08 17:01:23'),
(245, 'Berkshire Hathaway profits are reducing due to showing returns from insurance', 1, '0000-00-00 00:00:00', '2008-08-08 17:01:58'),
(246, 'Media attention on the 2008 election candidates will reduce during the Olympics', 1, '0000-00-00 00:00:00', '2008-08-08 17:04:07'),
(247, 'Obama and McCain will both campain during the Olympics', 1, '0000-00-00 00:00:00', '2008-08-08 17:04:33'),
(248, 'Obama timed his holiday to overlap with the Olympics', 1, '0000-00-00 00:00:00', '2008-08-08 17:05:10'),
(249, 'Pineapple Express copied a T-shirt design from WOWCH without crediting it', 1, '0000-00-00 00:00:00', '2008-08-08 17:08:24'),
(250, 'Clark Rockefeller is actually a German man called Christian Karl Gerhartsreiter', 1, '0000-00-00 00:00:00', '2008-08-08 17:10:19'),
(251, 'Steven J Hatfill was not involved in the anthrax mailings', 1, '0000-00-00 00:00:00', '2008-08-08 17:12:14'),
(252, 'Dr Hatfill did not have access to the kind of anthrax used in the anthrax mailings', 1, '0000-00-00 00:00:00', '2008-08-08 17:12:51'),
(253, 'Bruce Ivins was responsible for the anthrax mailings', 1, '0000-00-00 00:00:00', '2008-08-08 17:13:40'),
(254, 'Bruce Ivins died after an overdose of painkillers', 1, '0000-00-00 00:00:00', '2008-08-08 17:14:07'),
(255, 'Bruce Ivins assisted in the investigation of the anthrax mailings', 1, '0000-00-00 00:00:00', '2008-08-08 17:14:50'),
(256, 'Bruce Ivins was known to be mentally unstable', 1, '0000-00-00 00:00:00', '2008-08-09 00:28:46'),
(257, 'Russian warplanes bombed civilian and military targets in Georgia ', 1, '0000-00-00 00:00:00', '2008-08-09 18:12:32'),
(258, 'Georgia has killed thousands of people in South Ossetia ', 1, '0000-00-00 00:00:00', '2008-08-09 18:16:56'),
(259, 'Russia''s attack on Georgia is disproportionate', 1, '0000-00-00 00:00:00', '2008-08-09 18:54:47'),
(260, 'Michael Phelps won the 400m individual medly', 1, '0000-00-00 00:00:00', '2008-08-09 22:55:44'),
(261, 'Mark Spitz holds the world record for most gold medals in a single Olympic games (7)', 1, '0000-00-00 00:00:00', '2008-08-09 23:01:12'),
(262, 'Ian Thorpe retired from swimming in 2006', 1, '0000-00-00 00:00:00', '2008-08-09 23:08:08'),
(263, 'Iraq was responsible for the Anthrax attacks', 1, '0000-00-00 00:00:00', '2008-08-09 23:26:09'),
(264, 'Mohamed Atta met with Iraqi intelligence officers', 1, '0000-00-00 00:00:00', '2008-08-09 23:29:25'),
(265, 'Ian Thorpe was the youngest male ever to represent Australia', 1, '0000-00-00 00:00:00', '2008-08-10 15:24:36'),
(266, 'Ian Thorpe was the first person to be World Swimmer of the Year four times', 1, '0000-00-00 00:00:00', '2008-08-10 15:25:29'),
(267, 'The US spends an average of $16billion/year on agricultural subsidies', 1, '0000-00-00 00:00:00', '2008-08-11 17:02:46'),
(268, 'Only 2% of the US population lives on a farm', 1, '0000-00-00 00:00:00', '2008-08-11 18:14:39'),
(269, 'farm subsidies are necessary because of the fluctuating nature of agriculture', 1, '0000-00-00 00:00:00', '2008-08-11 18:16:37'),
(270, 'Farm subsidies help maintain a strong domestic food supply', 1, '0000-00-00 00:00:00', '2008-08-11 18:17:20'),
(271, 'Removing farm subsidies could wipe out the domestic farming industry', 1, '0000-00-00 00:00:00', '2008-08-11 18:18:00'),
(272, 'Farm subsidies reduce domestic food prices', 1, '0000-00-00 00:00:00', '2008-08-11 18:19:25'),
(273, 'Farm subsidies transfer wealth to lower income people', 1, '0000-00-00 00:00:00', '2008-08-11 18:58:32'),
(274, 'Farm subsidies encourage inefficiency', 1, '0000-00-00 00:00:00', '2008-08-11 18:59:29'),
(275, 'Farm subsidies are unfair', 1, '0000-00-00 00:00:00', '2008-08-11 18:59:47'),
(276, 'Many other industries experience risks similar to those experienced by farmers', 1, '0000-00-00 00:00:00', '2008-08-11 19:00:37'),
(277, 'Farm subsidies cause mis-allocation of resources', 1, '0000-00-00 00:00:00', '2008-08-11 19:17:55'),
(278, 'Corn syrup is popular in the US because of farm subsidies', 1, '0000-00-00 00:00:00', '2008-08-11 19:18:24'),
(279, 'Most money from farm subsidies goes to the richest farms', 1, '0000-00-00 00:00:00', '2008-08-11 19:20:04'),
(280, 'Farm subsidies encourage big farms to buy up smaller farms', 1, '0000-00-00 00:00:00', '2008-08-11 19:21:22'),
(281, 'Farm subsidies are bad', 1, '0000-00-00 00:00:00', '2008-08-11 19:21:36'),
(282, 'Farm subsidies are good', 1, '0000-00-00 00:00:00', '2008-08-11 19:23:18'),
(283, 'Farm subsidies are unfairly biased towards particular crops', 1, '0000-00-00 00:00:00', '2008-08-11 19:24:39'),
(284, 'Small farms receieve more farm subsidies than big farms in relation to the value of their crops', 1, '0000-00-00 00:00:00', '2008-08-11 22:43:54'),
(285, 'The farm bill would increase US farm subsidies by 70%', 1, '0000-00-00 00:00:00', '2008-08-11 22:51:55'),
(286, 'Farm subsidies encourage overproduction', 1, '0000-00-00 00:00:00', '2008-08-11 22:52:35'),
(287, 'Phytorelaxer is as  safe as other no-lye relaxers', 8, '0000-00-00 00:00:00', '2008-08-12 11:40:18'),
(288, 'Hair relaxers are dangerous', 8, '0000-00-00 00:00:00', '2008-08-12 11:42:25'),
(289, 'Hair relaxers can cause hair loss', 8, '0000-00-00 00:00:00', '2008-08-12 13:56:24'),
(290, 'Hair relaxing chemical was discovered accidentally', 8, '0000-00-00 00:00:00', '2008-08-12 14:08:48'),
(291, 'No-lye relaxers are not less dangerous than lye relaxers', 8, '0000-00-00 00:00:00', '2008-08-12 15:48:12'),
(292, 'US retail sales dropped in July', 14, '0000-00-00 00:00:00', '2008-08-13 09:45:24'),
(293, 'Russian forces have sunk several Georian vessels', 14, '0000-00-00 00:00:00', '2008-08-13 10:01:06'),
(294, 'The ceasefire between russia and Georgia is dead', 14, '0000-00-00 00:00:00', '2008-08-13 10:02:50'),
(295, 'Talks have adjourned to give opposition leader time to reflect', 14, '0000-00-00 00:00:00', '2008-08-13 10:07:41'),
(296, 'Any deal that excludes opposition leader would do nothing ', 14, '0000-00-00 00:00:00', '2008-08-13 10:11:22'),
(297, 'Unions in neighboring countries are boycotting goods to increase pressure', 14, '0000-00-00 00:00:00', '2008-08-13 10:13:05'),
(298, 'Whale hunting in Greenland too commercial for permit', 14, '0000-00-00 00:00:00', '2008-08-13 10:17:25'),
(299, 'Greenland is regularly selling the meat', 14, '0000-00-00 00:00:00', '2008-08-13 10:18:54'),
(300, 'Whales take averge 35 minutes and up to 6 hours to die', 14, '0000-00-00 00:00:00', '2008-08-13 10:20:57'),
(302, 'IWC rules do not prohibit commercial trade, but specify that permits can only be granted to satisfy aboriginal subsistence need', 14, '0000-00-00 00:00:00', '2008-08-13 10:54:50'),
(303, 'Bush wants to send aid to victims', 15, '0000-00-00 00:00:00', '2008-08-13 11:06:52'),
(304, 'Bush is sending secretary of state to Europe in support of Georgia', 15, '0000-00-00 00:00:00', '2008-08-13 11:08:46'),
(305, 'American supports Georgia', 15, '0000-00-00 00:00:00', '2008-08-13 11:09:33'),
(306, 'McCain wants troops home by 2013', 15, '0000-00-00 00:00:00', '2008-08-13 11:14:55'),
(307, 'Bush says Troops might be home by Christmas', 15, '0000-00-00 00:00:00', '2008-08-13 11:17:06'),
(308, 'American soldiers scheduled to leave Iraq', 15, '0000-00-00 00:00:00', '2008-08-13 11:19:55'),
(309, 'Michael Phelps won the 200meter butterfly ', 15, '0000-00-00 00:00:00', '2008-08-13 11:31:42'),
(310, 'Phelps won 4x200 freestyle relay', 15, '0000-00-00 00:00:00', '2008-08-13 11:32:17'),
(311, 'Won gold medal', 15, '0000-00-00 00:00:00', '2008-08-13 11:39:11'),
(312, 'Obama is ahead of McCain in the polls', 16, '0000-00-00 00:00:00', '2008-08-13 13:14:45'),
(313, 'rielle hunter is an astrologist', 16, '0000-00-00 00:00:00', '2008-08-13 13:22:02'),
(314, 'hillary clinton''s mentor is a psychic', 16, '0000-00-00 00:00:00', '2008-08-13 13:23:10'),
(315, 'democrats are occultists', 16, '0000-00-00 00:00:00', '2008-08-13 13:24:35'),
(316, 'arianna was part of a cult', 16, '0000-00-00 00:00:00', '2008-08-13 13:27:11'),
(342, 'Hair relaxers can burn skin', 8, '0000-00-00 00:00:00', '2008-08-14 11:57:12'),
(318, 'democrats cannot win the 2008 election because they''re relying on occult beliefs without validity', 16, '0000-00-00 00:00:00', '2008-08-13 13:38:34'),
(319, 'Myspace has more users than Facebook', 17, '0000-00-00 00:00:00', '2008-08-13 15:43:20'),
(322, 'Obama will win the election by a landslide', 8, '0000-00-00 00:00:00', '2008-08-13 16:20:24'),
(324, 'Whales rarely die within a minute', 8, '0000-00-00 00:00:00', '2008-08-13 16:52:02'),
(330, 'McCain opposes farm subsidies', 1, '0000-00-00 00:00:00', '2008-08-13 22:19:22'),
(326, 'Arctic Green Food sells meat from 40 whales each year', 8, '0000-00-00 00:00:00', '2008-08-13 16:59:58'),
(327, 'Police officers fired on unarmed people who were trying to get food from a grocery store', 1, '0000-00-00 00:00:00', '2008-08-13 17:31:10'),
(328, 'Kobe Bryant and LeBron James are fans of Michael Phelps', 1, '0000-00-00 00:00:00', '2008-08-13 17:35:47'),
(329, 'Michael Phelps was diagnosed with Attention Deficit Disorder as a child', 1, '0000-00-00 00:00:00', '2008-08-13 17:38:33'),
(331, 'Obama opposes farm subsidies', 1, '0000-00-00 00:00:00', '2008-08-13 22:25:51'),
(332, 'US Farm subsidies are likely to be reduced after the next election', 1, '0000-00-00 00:00:00', '2008-08-13 22:27:39'),
(333, 'Obama will win the 2008 election', 1, '0000-00-00 00:00:00', '2008-08-13 22:56:44'),
(334, 'Lye relaxers are more dangerous than no-lye relaxers', 8, '0000-00-00 00:00:00', '2008-08-14 08:34:41'),
(335, 'Hair can be strengthened after relaxing', 8, '0000-00-00 00:00:00', '2008-08-14 08:56:29'),
(336, 'Chinese gymnast Xinhua is too young to be in the olympics', 18, '0000-00-00 00:00:00', '2008-08-14 10:01:30'),
(337, 'Xinhua is not too young to be in the olympics', 18, '0000-00-00 00:00:00', '2008-08-14 10:02:43'),
(338, 'Obama supports amnesty', 18, '0000-00-00 00:00:00', '2008-08-14 10:11:34'),
(339, 'McCain unclear: awaiting secure borders before dealing with the issue', 18, '0000-00-00 00:00:00', '2008-08-14 10:14:29'),
(340, 'McCain: Does not support Amnesty for illegal immigrants (Jan 5)', 18, '0000-00-00 00:00:00', '2008-08-14 10:15:56'),
(341, 'McCain has supported amnesty for immigrants', 18, '0000-00-00 00:00:00', '2008-08-14 11:24:18'),
(344, 'Phytorelaxer uses more natural ingredients than other no-lye relaxers', 18, '0000-00-00 00:00:00', '2008-08-14 12:50:50'),
(345, 'Utah is shortening the work week to four days', 19, '0000-00-00 00:00:00', '2008-08-14 13:21:54'),
(346, 'Shortened work week will save money on fuel costs', 19, '0000-00-00 00:00:00', '2008-08-14 13:23:08'),
(347, 'a Chinese gymnast is much younger than American/European counterparts', 19, '0000-00-00 00:00:00', '2008-08-14 13:29:48'),
(348, 'Chinese officials say gymnast''s age is correct', 19, '0000-00-00 00:00:00', '2008-08-14 13:30:54'),
(349, 'Evidence showing gymnast''s real age.', 19, '0000-00-00 00:00:00', '2008-08-14 13:33:41'),
(350, 'Government document showing gynmast''s DOB', 19, '0000-00-00 00:00:00', '2008-08-14 13:34:57'),
(351, 'his influence to swim was from sisters and as an outlet for his ADHD', 19, '0000-00-00 00:00:00', '2008-08-14 13:41:50'),
(352, 'he received a DUI arrest and pleaded guilty with consequences', 19, '0000-00-00 00:00:00', '2008-08-14 13:44:45'),
(353, 'he was the youngest competitor in the 2000 Olypmics and placed 5th.', 19, '0000-00-00 00:00:00', '2008-08-14 13:46:23'),
(354, 'career', 19, '0000-00-00 00:00:00', '2008-08-14 13:49:22'),
(355, 'Truce may give Russians loophole to continue violent action', 20, '0000-00-00 00:00:00', '2008-08-14 14:56:13'),
(356, 'it''s not our job to have a contingency plan for peacekeeping', 20, '0000-00-00 00:00:00', '2008-08-14 15:05:50'),
(357, 'the invaders have moral and legal obligations', 20, '0000-00-00 00:00:00', '2008-08-14 15:10:33'),
(358, 'being part of slavak indo--european language group', 20, '0000-00-00 00:00:00', '2008-08-14 15:31:08'),
(359, 'Traffic deaths are at their lowest in more than a decade', 21, '0000-00-00 00:00:00', '2008-08-14 16:16:58'),
(360, 'There were fewer traffic deaths in 2007 than in 2006', 21, '0000-00-00 00:00:00', '2008-08-14 16:17:46'),
(361, 'Russia is killing innocent people.', 21, '0000-00-00 00:00:00', '2008-08-14 16:21:36'),
(362, 'Russia is very powerfull.', 21, '0000-00-00 00:00:00', '2008-08-14 16:24:16'),
(363, 'The politcis in the war matter more then the power of Russia.', 21, '0000-00-00 00:00:00', '2008-08-14 16:27:45'),
(364, 'Murder of more civillians continues.', 21, '0000-00-00 00:00:00', '2008-08-14 16:29:23'),
(365, 'There is some new testing going on at eBay for a small amount of users', 21, '0000-00-00 00:00:00', '2008-08-14 16:39:24'),
(366, 'Inseration fees for cars will be free for the first four.', 21, '0000-00-00 00:00:00', '2008-08-14 16:41:35'),
(367, 'Bush is telling Russia to withdraw its troops from Georgia', 22, '0000-00-00 00:00:00', '2008-08-15 09:44:56'),
(368, 'Edwards may be the father of his mistress'' child', 22, '0000-00-00 00:00:00', '2008-08-15 09:52:08'),
(369, 'The baby is not Edwards'' but Young''s.', 22, '0000-00-00 00:00:00', '2008-08-15 09:56:32'),
(370, 'Edwards should run for President again but carry his extramarital affair on the plate', 22, '0000-00-00 00:00:00', '2008-08-15 10:01:49'),
(371, 'Edwards should have his campaign goodbye after kissing the girl', 22, '0000-00-00 00:00:00', '2008-08-15 10:03:57'),
(372, 'Mayer went on a trip with Aniston and they are cooling off', 22, '0000-00-00 00:00:00', '2008-08-15 10:08:48'),
(373, 'Isis, the next model on America''s Next Top Model, is a woman born physically male', 22, '0000-00-00 00:00:00', '2008-08-15 10:10:22'),
(374, 'Aniston and Mayer were dating for four months', 22, '0000-00-00 00:00:00', '2008-08-15 10:11:18'),
(375, 'Britney will perform this year at MTV awards despite having the worst performance in the history of MTV', 22, '0000-00-00 00:00:00', '2008-08-15 10:12:49'),
(376, 'Man punches eight windows from church', 22, '0000-00-00 00:00:00', '2008-08-15 10:16:20'),
(377, 'Man felt compelled to punch windows while demonic forces were inside of him', 22, '0000-00-00 00:00:00', '2008-08-15 10:17:50'),
(378, 'Wilson shaved his red beard and had short hair', 22, '0000-00-00 00:00:00', '2008-08-15 10:20:23'),
(379, 'Russian troops are continuing to occupy Georgia', 23, '0000-00-00 00:00:00', '2008-08-15 11:00:49'),
(380, 'Georgian President signed a cease-fire agreement to remove all Russian forces from Georgia', 23, '0000-00-00 00:00:00', '2008-08-15 11:14:21'),
(381, 'Secretary of state Rice was told that the Russian President will sign a peace document', 23, '0000-00-00 00:00:00', '2008-08-15 11:18:13'),
(382, 'Use tape loops', 23, '0000-00-00 00:00:00', '2008-08-15 11:21:25'),
(383, 'They began utilizing popular rhythyms like 4/4', 23, '0000-00-00 00:00:00', '2008-08-15 11:23:07'),
(384, 'did not own their music rights', 23, '0000-00-00 00:00:00', '2008-08-15 11:24:15'),
(385, 'TG, Cabararet Voltaire, Non were early forms of industrial music', 23, '0000-00-00 00:00:00', '2008-08-15 11:27:15'),
(386, 'He has six gold medals', 23, '0000-00-00 00:00:00', '2008-08-15 11:28:48'),
(387, 'Russian soldiers robbed a Georgian bank', 23, '0000-00-00 00:00:00', '2008-08-15 11:32:10'),
(388, 'Rice accuses Russian president of not honoring ceasefire with Georgia', 24, '0000-00-00 00:00:00', '2008-08-15 13:27:41'),
(389, 'spokesman says resignation is not imminent', 24, '0000-00-00 00:00:00', '2008-08-15 13:34:52'),
(390, 'behind the scenes talks are going on now', 24, '0000-00-00 00:00:00', '2008-08-15 13:36:11'),
(391, 'Impeachment motion could come as early as next week', 24, '0000-00-00 00:00:00', '2008-08-15 13:38:13'),
(392, 'Even his own party is suggesting he resign', 24, '0000-00-00 00:00:00', '2008-08-15 13:39:26'),
(393, 'Prisoner calls trial a "legal farce" and an "illegal play"', 24, '0000-00-00 00:00:00', '2008-08-15 13:58:41'),
(394, 'Nitrous oxide is used in surgery for anesthetic and analgesis effects', 8, '0000-00-00 00:00:00', '2008-08-15 15:54:17'),
(395, 'Nitrous oxide can be used as a recreational drug', 8, '0000-00-00 00:00:00', '2008-08-15 15:54:42'),
(396, 'Nitrous oxide is used as a food additive', 8, '0000-00-00 00:00:00', '2008-08-15 15:55:36'),
(397, 'Euphoric effects from inhaling nitrous oxide only last a few minutes', 8, '0000-00-00 00:00:00', '2008-08-15 15:57:06'),
(398, 'Nitrous oxide does not kill brain cells', 8, '0000-00-00 00:00:00', '2008-08-15 15:59:17'),
(399, 'Catnip stimulates a cat''s pheremonic receptors', 1, '0000-00-00 00:00:00', '2008-08-16 10:49:02'),
(400, 'The scent of catnip has a stimulating effect on cats', 1, '0000-00-00 00:00:00', '2008-08-16 10:49:44'),
(401, 'Catnip can be used as an insect repellent', 1, '0000-00-00 00:00:00', '2008-08-16 10:50:42'),
(402, 'Catnip is a more effective insect repellent than DEET', 1, '0000-00-00 00:00:00', '2008-08-16 10:51:12'),
(403, 'Catnip is not effective as an insect repellent on skin', 1, '0000-00-00 00:00:00', '2008-08-16 10:51:40'),
(404, 'Approximately two thirds of cats respond to catnip', 1, '0000-00-00 00:00:00', '2008-08-16 10:52:41'),
(405, 'Whether a cat responds to catnip is hereditary', 1, '0000-00-00 00:00:00', '2008-08-16 10:53:18'),
(406, 'Most cats in Australia do not respond to catnip', 1, '0000-00-00 00:00:00', '2008-08-16 10:53:41'),
(407, 'Big cats can also respond to catnip', 1, '0000-00-00 00:00:00', '2008-08-16 10:54:33'),
(408, 'Catnip works by mimicing at cat pheromone', 1, '0000-00-00 00:00:00', '2008-08-16 10:55:29'),
(409, 'Georgians do not understand why they had a conflict with Russia', 25, '0000-00-00 00:00:00', '2008-08-18 10:56:34'),
(410, 'Bill Clinton and Barack Obama had the harshest conflicts over race', 25, '0000-00-00 00:00:00', '2008-08-18 11:07:02'),
(411, 'raw foods contains the highest level of enzymes', 25, '0000-00-00 00:00:00', '2008-08-18 11:17:33'),
(412, 'you cannot ingest any enzymes if your food is cooked', 25, '0000-00-00 00:00:00', '2008-08-18 11:20:47'),
(413, 'juice is more readily digestable than food', 25, '0000-00-00 00:00:00', '2008-08-18 11:23:21'),
(414, 'Russia is beginning to pull out troops from Georgia', 26, '0000-00-00 00:00:00', '2008-08-18 16:26:54'),
(415, 'false claims by Bush', 26, '0000-00-00 00:00:00', '2008-08-18 16:36:30'),
(416, 'More Bush claims about weapons of mass distruction', 26, '0000-00-00 00:00:00', '2008-08-18 23:47:39'),
(417, 'War was unjustified', 26, '0000-00-00 00:00:00', '2008-08-18 16:44:44'),
(418, 'Bush - the worst president ever', 26, '0000-00-00 00:00:00', '2008-08-18 16:51:33'),
(419, 'McCain may have been able to overhear what questions were given to Obama', 1, '0000-00-00 00:00:00', '2008-08-18 18:12:23'),
(420, 'McCain believes the debate has been given too little attention on NBC', 1, '0000-00-00 00:00:00', '2008-08-18 18:12:51'),
(421, 'Obama is attacking McCain over the economy', 1, '0000-00-00 00:00:00', '2008-08-18 18:14:31'),
(422, 'Obama has narrowed his choice to Evan Bayh, Tim Kaine, and Joe Biden', 1, '0000-00-00 00:00:00', '2008-08-18 18:16:10'),
(423, 'Obama will chose someone safe to be his running mate', 1, '0000-00-00 00:00:00', '2008-08-18 18:16:32'),
(424, 'McCain is using lawyers to check the backgrounds of potential running mates', 1, '0000-00-00 00:00:00', '2008-08-18 18:17:58'),
(425, 'The Wichita Falls school district in Texas allows employees to carry guns on campus', 1, '0000-00-00 00:00:00', '2008-08-18 20:08:00'),
(426, 'Texas prohibits guns in schools unless explicitly allowed by the school', 1, '0000-00-00 00:00:00', '2008-08-18 20:08:42'),
(427, 'Carrying a gun sends a message to children that there is a lot to be afraid of', 1, '0000-00-00 00:00:00', '2008-08-18 20:09:53'),
(428, 'Allowing concealed weapons could have saved lives at the 1991 Luby''s cafeteria shooting', 1, '0000-00-00 00:00:00', '2008-08-18 20:10:34');

-- --------------------------------------------------------

-- 
-- Table structure for table `ratings`
-- 

DROP TABLE IF EXISTS `ratings`;
CREATE TABLE IF NOT EXISTS `ratings` (
  `snippet_id` int(11) unsigned NOT NULL,
  `point_id` int(11) unsigned NOT NULL,
  `user_id` int(11) unsigned NOT NULL,
  `rating` int(4) unsigned NOT NULL,
  `created_at` datetime NOT NULL,
  PRIMARY KEY  (`snippet_id`,`point_id`,`user_id`)
) ENGINE=MyISAM DEFAULT CHARSET=latin1;

-- 
-- Dumping data for table `ratings`
-- 

INSERT INTO `ratings` (`snippet_id`, `point_id`, `user_id`, `rating`, `created_at`) VALUES 
(1, 1, 8, 3, '2008-07-14 11:05:29'),
(46, 29, 1, 4, '2008-07-15 14:39:28'),
(45, 28, 1, 3, '2008-07-15 14:39:32'),
(28, 11, 8, 5, '2008-07-16 14:45:38'),
(30, 13, 8, 5, '2008-07-16 14:52:47'),
(36, 19, 8, 4, '2008-07-16 15:00:18');

-- --------------------------------------------------------

-- 
-- Table structure for table `snippet_links`
-- 

DROP TABLE IF EXISTS `snippet_links`;
CREATE TABLE IF NOT EXISTS `snippet_links` (
  `snippet_id` int(11) unsigned NOT NULL,
  `point_id` int(11) unsigned NOT NULL,
  `howlinked` enum('asserts','supports','opposes') NOT NULL,
  `user_id` int(11) unsigned NOT NULL,
  KEY `point` (`point_id`),
  KEY `snippet` (`snippet_id`)
) ENGINE=MyISAM DEFAULT CHARSET=latin1;

-- 
-- Dumping data for table `snippet_links`
-- 

INSERT INTO `snippet_links` (`snippet_id`, `point_id`, `howlinked`, `user_id`) VALUES 
(1, 1, 'asserts', 8),
(2, 2, 'asserts', 8),
(3, 3, 'supports', 8),
(4, 4, 'supports', 8),
(5, 5, 'supports', 8),
(6, 4, 'supports', 8),
(7, 6, 'supports', 8),
(8, 1, 'asserts', 8),
(9, 1, 'asserts', 8),
(10, 1, 'asserts', 8),
(11, 1, 'asserts', 8),
(12, 2, 'asserts', 8),
(13, 4, 'supports', 8),
(14, 2, 'asserts', 1),
(15, 1, 'asserts', 1),
(16, 2, 'asserts', 1),
(17, 2, 'asserts', 1),
(18, 1, 'asserts', 1),
(19, 1, 'asserts', 1),
(20, 2, 'asserts', 1),
(21, 1, 'asserts', 1),
(22, 1, 'asserts', 8),
(23, 7, 'asserts', 1),
(24, 8, 'asserts', 1),
(25, 9, 'asserts', 1),
(26, 7, 'asserts', 1),
(27, 10, 'asserts', 1),
(28, 11, 'asserts', 1),
(29, 12, 'asserts', 1),
(30, 13, 'asserts', 1),
(31, 14, 'asserts', 1),
(32, 15, 'asserts', 1),
(33, 16, 'asserts', 1),
(34, 17, 'asserts', 1),
(35, 18, 'asserts', 1),
(36, 19, 'asserts', 1),
(37, 20, 'asserts', 1),
(38, 21, 'asserts', 1),
(39, 22, 'asserts', 1),
(40, 23, 'asserts', 1),
(41, 24, 'supports', 1),
(42, 25, 'asserts', 1),
(43, 26, 'asserts', 1),
(44, 27, 'asserts', 1),
(45, 28, 'asserts', 1),
(46, 29, 'asserts', 1),
(47, 30, 'asserts', 1),
(48, 22, 'asserts', 1),
(49, 31, 'supports', 8),
(50, 32, 'asserts', 8),
(51, 33, 'supports', 8),
(52, 34, 'asserts', 8),
(53, 35, 'supports', 8),
(54, 36, 'asserts', 8),
(55, 36, 'asserts', 8),
(56, 11, 'asserts', 8),
(57, 37, 'supports', 8),
(58, 38, 'asserts', 8),
(59, 39, 'asserts', 8),
(60, 40, 'asserts', 8),
(61, 41, 'supports', 8),
(62, 33, 'asserts', 8),
(63, 42, 'supports', 8),
(64, 43, 'asserts', 8),
(65, 33, 'supports', 8),
(66, 44, 'asserts', 8),
(67, 45, 'asserts', 8),
(68, 46, 'asserts', 1),
(69, 47, 'asserts', 1),
(70, 48, 'asserts', 1),
(71, 49, 'asserts', 1),
(72, 50, 'asserts', 1),
(73, 51, 'asserts', 1),
(74, 52, 'asserts', 1),
(75, 53, 'asserts', 1),
(76, 54, 'asserts', 1),
(77, 55, 'asserts', 1),
(78, 56, 'asserts', 1),
(79, 57, 'asserts', 1),
(80, 58, 'asserts', 1),
(81, 59, 'asserts', 1),
(82, 60, 'asserts', 1),
(83, 61, 'supports', 8),
(84, 62, 'asserts', 8),
(85, 63, 'asserts', 8),
(86, 64, 'supports', 8),
(87, 65, 'supports', 8),
(88, 66, 'supports', 8),
(89, 67, 'supports', 8),
(90, 68, 'asserts', 8),
(91, 69, 'supports', 8),
(92, 70, 'supports', 8),
(93, 71, 'supports', 8),
(94, 72, 'supports', 8),
(95, 73, 'asserts', 8),
(96, 74, 'supports', 8),
(97, 75, 'asserts', 8),
(98, 74, 'supports', 8),
(99, 74, 'supports', 8),
(100, 74, 'supports', 8),
(101, 76, 'supports', 8),
(102, 77, 'asserts', 8),
(103, 76, 'supports', 8),
(104, 78, 'supports', 8),
(105, 79, 'asserts', 8),
(106, 2, 'asserts', 1),
(107, 80, 'asserts', 1),
(108, 1, 'asserts', 8),
(109, 1, 'asserts', 8),
(110, 81, 'asserts', 1),
(111, 82, 'asserts', 1),
(112, 83, 'asserts', 1),
(113, 84, 'asserts', 1),
(114, 85, 'asserts', 1),
(115, 86, 'asserts', 1),
(116, 87, 'asserts', 1),
(117, 88, 'asserts', 1),
(118, 89, 'asserts', 1),
(119, 90, 'asserts', 1),
(120, 91, 'asserts', 1),
(121, 92, 'asserts', 1),
(122, 93, 'asserts', 1),
(123, 94, 'asserts', 1),
(124, 85, 'asserts', 1),
(125, 95, 'asserts', 1),
(126, 96, 'asserts', 1),
(127, 97, 'asserts', 1),
(128, 98, 'asserts', 1),
(129, 99, 'asserts', 1),
(130, 95, 'asserts', 1),
(131, 100, 'asserts', 1),
(132, 101, 'asserts', 1),
(133, 102, 'asserts', 1),
(134, 103, 'asserts', 1),
(135, 104, 'asserts', 1),
(136, 105, 'asserts', 1),
(137, 106, 'asserts', 1),
(138, 107, 'asserts', 1),
(139, 108, 'asserts', 1),
(140, 109, 'asserts', 1),
(141, 110, 'asserts', 1),
(142, 111, 'asserts', 1),
(143, 112, 'asserts', 1),
(144, 113, 'asserts', 1),
(145, 114, 'asserts', 1),
(146, 111, 'asserts', 1),
(147, 115, 'asserts', 1),
(148, 116, 'asserts', 1),
(149, 117, 'asserts', 1),
(150, 117, 'asserts', 1),
(151, 2, 'supports', 8),
(152, 118, 'supports', 8),
(153, 119, 'supports', 1),
(154, 120, 'supports', 1),
(155, 121, 'supports', 1),
(156, 121, 'supports', 1),
(157, 122, 'supports', 1),
(158, 122, 'supports', 1),
(159, 123, 'supports', 1),
(160, 124, 'supports', 1),
(161, 125, 'supports', 1),
(162, 126, 'supports', 1),
(163, 127, 'supports', 1),
(164, 128, 'supports', 1),
(165, 129, 'supports', 1),
(166, 130, 'supports', 1),
(167, 130, 'supports', 1),
(168, 128, 'supports', 1),
(169, 131, 'supports', 1),
(170, 132, 'supports', 1),
(171, 2, 'supports', 8),
(172, 133, 'supports', 1),
(173, 134, 'supports', 1),
(174, 135, 'supports', 1),
(175, 136, 'supports', 1),
(176, 137, 'supports', 1),
(177, 138, 'supports', 1),
(178, 140, 'supports', 1),
(179, 141, 'supports', 1),
(180, 142, 'supports', 1),
(181, 143, 'supports', 1),
(182, 143, 'supports', 1),
(183, 144, 'supports', 1),
(184, 145, 'supports', 1),
(185, 146, 'supports', 1),
(186, 147, 'supports', 1),
(187, 148, 'supports', 1),
(188, 149, 'supports', 1),
(189, 150, 'supports', 1),
(190, 151, 'supports', 1),
(191, 152, 'supports', 1),
(192, 153, 'supports', 1),
(193, 154, 'supports', 1),
(194, 155, 'supports', 1),
(195, 156, 'supports', 1),
(196, 155, 'supports', 1),
(197, 157, 'supports', 1),
(198, 158, 'supports', 1),
(199, 159, 'supports', 1),
(200, 160, 'supports', 1),
(201, 135, 'supports', 1),
(202, 161, 'supports', 1),
(203, 162, 'supports', 1),
(204, 163, 'supports', 1),
(205, 138, 'supports', 1),
(206, 164, 'supports', 1),
(207, 165, 'supports', 1),
(208, 166, 'supports', 1),
(209, 167, 'supports', 1),
(210, 73, 'supports', 1),
(211, 168, 'supports', 1),
(212, 169, 'supports', 1),
(213, 170, 'supports', 1),
(214, 171, 'supports', 1),
(215, 172, 'supports', 1),
(216, 173, 'supports', 1),
(217, 174, 'supports', 1),
(218, 175, 'supports', 1),
(219, 176, 'supports', 1),
(220, 177, 'supports', 1),
(221, 178, 'supports', 1),
(222, 179, 'supports', 1),
(223, 180, 'supports', 1),
(224, 181, 'supports', 1),
(225, 182, 'supports', 1),
(226, 183, 'supports', 1),
(227, 184, 'supports', 1),
(228, 185, 'supports', 1),
(229, 185, 'supports', 1),
(230, 133, 'supports', 1),
(231, 186, 'supports', 1),
(232, 187, 'supports', 1),
(233, 188, 'supports', 1),
(234, 189, 'supports', 1),
(235, 190, 'supports', 1),
(236, 192, 'supports', 1),
(237, 193, 'supports', 1),
(238, 194, 'supports', 1),
(239, 195, 'supports', 1),
(240, 196, 'supports', 1),
(241, 197, 'supports', 1),
(242, 198, 'supports', 1),
(243, 199, 'supports', 1),
(244, 200, 'supports', 1),
(245, 201, 'supports', 1),
(246, 202, 'supports', 1),
(247, 1, 'supports', 8),
(248, 203, 'supports', 8),
(249, 204, 'supports', 8),
(250, 205, 'supports', 8),
(251, 206, 'supports', 8),
(252, 207, 'supports', 8),
(253, 208, 'supports', 8),
(254, 191, 'supports', 8),
(255, 209, 'supports', 8),
(256, 210, 'supports', 8),
(257, 211, 'supports', 10),
(258, 212, 'supports', 10),
(259, 214, 'supports', 10),
(260, 215, 'supports', 10),
(261, 216, 'supports', 10),
(262, 217, 'supports', 10),
(263, 218, 'supports', 10),
(264, 219, 'supports', 10),
(265, 221, 'supports', 11),
(266, 222, 'supports', 11),
(267, 223, 'supports', 11),
(268, 224, 'supports', 11),
(269, 225, 'supports', 11),
(270, 226, 'supports', 11),
(271, 227, 'supports', 11),
(272, 228, 'supports', 11),
(273, 229, 'supports', 11),
(274, 230, 'supports', 11),
(275, 231, 'supports', 12),
(276, 232, 'supports', 12),
(277, 233, 'supports', 12),
(278, 234, 'supports', 12),
(279, 235, 'supports', 12),
(280, 236, 'supports', 12),
(281, 237, 'supports', 12),
(282, 238, 'supports', 12),
(283, 238, 'supports', 12),
(284, 238, 'supports', 12),
(285, 239, 'supports', 12),
(286, 239, 'supports', 12),
(287, 239, 'supports', 12),
(288, 241, 'supports', 1),
(289, 242, 'supports', 1),
(290, 243, 'supports', 1),
(291, 244, 'supports', 1),
(292, 245, 'supports', 1),
(293, 246, 'supports', 1),
(294, 247, 'supports', 1),
(295, 248, 'supports', 1),
(296, 249, 'supports', 1),
(297, 250, 'supports', 1),
(298, 250, 'supports', 1),
(299, 251, 'supports', 1),
(300, 252, 'supports', 1),
(301, 253, 'supports', 1),
(302, 254, 'supports', 1),
(303, 255, 'supports', 1),
(304, 256, 'supports', 1),
(305, 249, 'supports', 1),
(306, 257, 'supports', 1),
(307, 258, 'supports', 1),
(308, 259, 'supports', 1),
(315, 264, 'supports', 1),
(314, 263, 'supports', 1),
(311, 260, 'supports', 1),
(312, 261, 'supports', 1),
(313, 262, 'supports', 1),
(316, 262, 'supports', 1),
(317, 265, 'supports', 1),
(318, 266, 'supports', 1),
(319, 267, 'supports', 1),
(320, 268, 'supports', 1),
(321, 269, 'supports', 1),
(322, 270, 'supports', 1),
(323, 271, 'supports', 1),
(324, 272, 'supports', 1),
(325, 273, 'supports', 1),
(326, 274, 'supports', 1),
(327, 275, 'supports', 1),
(328, 276, 'supports', 1),
(329, 277, 'supports', 1),
(330, 278, 'supports', 1),
(331, 279, 'supports', 1),
(332, 280, 'supports', 1),
(333, 283, 'supports', 1),
(334, 284, 'supports', 1),
(335, 285, 'supports', 1),
(336, 286, 'supports', 1),
(337, 287, 'supports', 8),
(338, 288, 'supports', 8),
(339, 289, 'supports', 8),
(340, 290, 'supports', 8),
(341, 291, 'supports', 8),
(342, 289, 'supports', 8),
(343, 292, 'supports', 14),
(344, 293, 'supports', 14),
(345, 293, 'supports', 14),
(346, 294, 'supports', 14),
(347, 295, 'supports', 14),
(348, 296, 'supports', 14),
(349, 297, 'supports', 14),
(350, 298, 'supports', 14),
(351, 299, 'supports', 14),
(352, 300, 'supports', 14),
(353, 302, 'supports', 14),
(354, 303, 'supports', 15),
(355, 304, 'supports', 15),
(356, 306, 'supports', 15),
(357, 307, 'supports', 15),
(358, 308, 'supports', 15),
(359, 309, 'supports', 15),
(360, 310, 'supports', 15),
(361, 312, 'supports', 16),
(362, 313, 'supports', 16),
(363, 314, 'supports', 16),
(364, 316, 'supports', 16),
(365, 319, 'supports', 17),
(368, 322, 'supports', 8),
(370, 209, 'supports', 8),
(371, 299, 'supports', 8),
(372, 324, 'supports', 8),
(373, 326, 'supports', 8),
(374, 327, 'supports', 1),
(375, 328, 'supports', 1),
(376, 329, 'supports', 1),
(377, 335, 'supports', 8),
(378, 336, 'supports', 18),
(379, 337, 'supports', 18),
(380, 338, 'supports', 18),
(381, 339, 'supports', 18),
(382, 340, 'supports', 18),
(383, 341, 'supports', 18),
(384, 343, 'supports', 18),
(385, 345, 'supports', 19),
(386, 346, 'supports', 19),
(387, 347, 'supports', 19),
(388, 348, 'supports', 19),
(389, 349, 'supports', 19),
(390, 350, 'supports', 19),
(391, 261, 'supports', 19),
(392, 329, 'supports', 19),
(393, 351, 'supports', 19),
(394, 352, 'supports', 19),
(395, 353, 'supports', 19),
(396, 355, 'supports', 20),
(397, 355, 'supports', 20),
(398, 356, 'supports', 20),
(399, 357, 'supports', 20),
(400, 358, 'supports', 20),
(401, 359, 'supports', 21),
(402, 360, 'supports', 21),
(403, 361, 'supports', 21),
(404, 362, 'supports', 21),
(405, 363, 'supports', 21),
(406, 364, 'supports', 21),
(407, 365, 'supports', 21),
(408, 366, 'supports', 21),
(409, 367, 'supports', 22),
(410, 368, 'supports', 22),
(411, 369, 'supports', 22),
(412, 370, 'supports', 22),
(413, 371, 'supports', 22),
(414, 372, 'supports', 22),
(415, 373, 'supports', 22),
(416, 374, 'supports', 22),
(417, 375, 'supports', 22),
(418, 376, 'supports', 22),
(419, 377, 'supports', 22),
(420, 378, 'supports', 22),
(421, 379, 'supports', 23),
(422, 380, 'supports', 23),
(423, 381, 'supports', 23),
(424, 382, 'supports', 23),
(425, 383, 'supports', 23),
(426, 384, 'supports', 23),
(427, 385, 'supports', 23),
(428, 386, 'supports', 23),
(429, 387, 'supports', 23),
(430, 388, 'supports', 24),
(431, 389, 'supports', 24),
(432, 390, 'supports', 24),
(433, 391, 'supports', 24),
(434, 392, 'supports', 24),
(435, 393, 'supports', 24),
(436, 394, 'supports', 8),
(437, 395, 'supports', 8),
(438, 396, 'supports', 8),
(439, 397, 'supports', 8),
(440, 398, 'supports', 8),
(441, 399, 'supports', 1),
(442, 400, 'supports', 1),
(443, 401, 'supports', 1),
(444, 402, 'supports', 1),
(445, 403, 'supports', 1),
(446, 404, 'supports', 1),
(447, 405, 'supports', 1),
(448, 406, 'supports', 1),
(449, 407, 'supports', 1),
(450, 408, 'supports', 1),
(451, 409, 'supports', 25),
(452, 410, 'supports', 25),
(453, 411, 'supports', 25),
(454, 412, 'supports', 25),
(455, 413, 'supports', 25),
(456, 414, 'supports', 26),
(457, 415, 'supports', 26),
(458, 416, 'supports', 26),
(459, 417, 'supports', 26),
(460, 419, 'supports', 1),
(461, 420, 'supports', 1),
(462, 421, 'supports', 1),
(463, 422, 'supports', 1),
(464, 423, 'supports', 1),
(465, 424, 'supports', 1),
(466, 425, 'supports', 1),
(467, 426, 'supports', 1),
(468, 427, 'supports', 1),
(469, 428, 'supports', 1);

-- --------------------------------------------------------

-- 
-- Table structure for table `snippets`
-- 

DROP TABLE IF EXISTS `snippets`;
CREATE TABLE IF NOT EXISTS `snippets` (
  `id` int(11) NOT NULL auto_increment,
  `txt` text NOT NULL,
  `url` varchar(128) NOT NULL,
  `url_real` varchar(128) NOT NULL,
  `pagetitle` varchar(128) NOT NULL,
  `title` varchar(128) NOT NULL,
  `author` varchar(128) default NULL,
  `source_id` int(11) NOT NULL,
  `created_at` timestamp NOT NULL default CURRENT_TIMESTAMP,
  `user_id` int(11) NOT NULL,
  `point_id` int(11) unsigned NOT NULL,
  `howlinked` varchar(11) NOT NULL default 'related',
  PRIMARY KEY  (`id`),
  KEY `url` (`url`,`created_at`,`user_id`),
  KEY `point_id` (`point_id`),
  FULLTEXT KEY `text` (`txt`)
) ENGINE=MyISAM  DEFAULT CHARSET=latin1 AUTO_INCREMENT=470 ;

-- 
-- Dumping data for table `snippets`
-- 

INSERT INTO `snippets` (`id`, `txt`, `url`, `url_real`, `pagetitle`, `title`, `author`, `source_id`, `created_at`, `user_id`, `point_id`, `howlinked`) VALUES 
(1, 'In the beginning God created the heaven and the earth. ', 'http://mashmaker.intel-research.net/beth/', 'http://mashmaker.intel-research.net/beth/', 'testing', '', NULL, 0, '2008-07-14 11:03:32', 8, 1, 'related'),
(2, 'And the evening and the morning were the third day', 'http://mashmaker.intel-research.net/beth/', 'http://mashmaker.intel-research.net/beth/', 'testing', '', NULL, 0, '2008-07-14 11:04:22', 8, 2, 'related'),
(3, 'the system could enable voters to make more informed choices between candidates and sift through the amount of available informa- tion', 'http://mashmaker.intel-research.net/rob/server/pdfs/d3/7/pdf-1.html', 'http://mashmaker.intel-research.net/rob/server/pdfs/d3/7/pdf-1.html', 'Page 1', 'Finding Contradictions in Text', NULL, 0, '2008-07-14 11:15:25', 8, 3, 'related'),
(4, 'The importance of event coreference was recognized in the MUC information extraction tasks in which it was key to identify sce- narios related to the same event', 'http://mashmaker.intel-research.net/rob/server/pdfs/d3/7/pdf-2.html', 'http://mashmaker.intel-research.net/rob/server/pdfs/d3/7/pdf-2.html', 'Page 2', 'Finding Contradictions in Text', NULL, 0, '2008-07-14 11:17:15', 8, 4, 'related'),
(5, 'However, for contradiction detection to be useful, a looser definition that more closely matches human intuitions is necessary', 'http://mashmaker.intel-research.net/rob/server/pdfs/d3/7/pdf-2.html', 'http://mashmaker.intel-research.net/rob/server/pdfs/d3/7/pdf-2.html', 'Page 2', 'Finding Contradictions in Text', NULL, 0, '2008-07-14 15:42:46', 8, 5, 'related'),
(6, 'For contradiction, however, it is critical to filter unrelated sentences to avoid finding false evidence of contradiction when there is contrasting information about different events.', 'http://mashmaker.intel-research.net/rob/server/pdfs/d3/7/pdf-5.html', 'http://mashmaker.intel-research.net/rob/server/pdfs/d3/7/pdf-5.html', 'Page 5', 'Finding Contradictions in Text', NULL, 0, '2008-07-14 15:51:28', 8, 4, 'related'),
(7, 'highlight- ing the difficulty in generalizing from a small corpus of positive contradiction examples, as well as under- lining the complexity of building a broad coverage system', 'http://mashmaker.intel-research.net/rob/server/pdfs/d3/7/pdf-7.html', 'http://mashmaker.intel-research.net/rob/server/pdfs/d3/7/pdf-7.html', 'Page 7', 'Finding Contradictions in Text', NULL, 0, '2008-07-14 15:57:37', 8, 6, 'related'),
(8, 'And God made two great lights', 'http://mashmaker.intel-research.net/beth/', 'http://mashmaker.intel-research.net/beth/', 'testing', '', '', 0, '2008-07-14 18:00:40', 8, 1, 'related'),
(9, 'And God set them in the firmament of the heaven to give light upon the earth, 18: And to rule over the day and over ', 'http://mashmaker.intel-research.net/beth/', 'http://mashmaker.intel-research.net/beth/', 'testing', '', '', 0, '2008-07-14 18:04:15', 8, 1, 'related'),
(10, 'Online reviews ', 'http://mashmaker.intel-research.net/rob/server/pdfs/3c/8/pdf-1.html', 'http://mashmaker.intel-research.net/rob/server/pdfs/3c/8/pdf-1.html', 'Page 1', 'A Joint Model of Text and Aspect Ratings for Sentiment Summarization', '', 0, '2008-07-14 18:07:01', 8, 1, 'related'),
(11, 'We propose a statistical model which is able to discover corresponding topics in text and extract tex- tual evidence from reviews', 'http://mashmaker.intel-research.net/rob/server/pdfs/3c/8/pdf-1.html', 'http://mashmaker.intel-research.net/rob/server/pdfs/3c/8/pdf-1.html', 'Page 1', 'A Joint Model of Text and Aspect Ratings for Sentiment Summarization', '', 0, '2008-07-15 09:03:12', 8, 1, 'related'),
(12, 'Our model achieves high ac- curacy, without any explicitly labeled data ex- cept the user provided opinion ratings', 'http://mashmaker.intel-research.net/rob/server/pdfs/3c/8/pdf-1.html', 'http://mashmaker.intel-research.net/rob/server/pdfs/3c/8/pdf-1.html', 'Page 1', 'A Joint Model of Text and Aspect Ratings for Sentiment Summarization', 'Ivan Titov', 0, '2008-07-15 09:05:28', 8, 2, 'related'),
(13, 'A word in the document is sampled either from the mixture of global topics or from the mixture of local topics specific to the local context of the word.', 'http://mashmaker.intel-research.net/rob/server/pdfs/3c/8/pdf-3.html', 'http://mashmaker.intel-research.net/rob/server/pdfs/3c/8/pdf-3.html', 'Page 3', 'A Joint Model of Text and Aspect Ratings for Sentiment Summarization', 'Ivan Titov', 0, '2008-07-15 09:56:28', 8, 4, 'related'),
(14, 'in online discussion forum', 'http://mashmaker.intel-research.net/rob/server/pdfs/3c/8/pdf-1.html', 'http://mashmaker.intel-research.net/rob/server/pdfs/3c/8/pdf-1.html', 'Page 1', 'A Joint Model of Text and Aspect Ratings for Sentiment Summarization', NULL, 0, '2008-07-15 10:32:10', 1, 2, 'related'),
(15, 'However, these labels ', 'http://mashmaker.intel-research.net/rob/server/pdfs/3c/8/pdf-1.html', 'http://mashmaker.intel-research.net/rob/server/pdfs/3c/8/pdf-1.html', 'Page 1', 'A Joint Model of Text and Aspect Ratings for Sentiment Summarization', NULL, 0, '2008-07-15 10:32:41', 1, 1, 'related'),
(16, 'his study, we look at the', 'http://mashmaker.intel-research.net/rob/server/pdfs/3c/8/pdf-1.html', 'http://mashmaker.intel-research.net/rob/server/pdfs/3c/8/pdf-1.html', 'Page 1', 'A Joint Model of Text and Aspect Ratings for Sentiment Summarization', NULL, 0, '2008-07-15 10:33:15', 1, 2, 'related'),
(17, 'The first is aspect', 'http://mashmaker.intel-research.net/rob/server/pdfs/3c/8/pdf-1.html', 'http://mashmaker.intel-research.net/rob/server/pdfs/3c/8/pdf-1.html', 'Page 1', 'A Joint Model of Text and Aspect Ratings for Sentiment Summarization', NULL, 0, '2008-07-15 10:34:37', 1, 2, 'related'),
(18, 'For example', 'http://mashmaker.intel-research.net/rob/server/pdfs/3c/8/pdf-1.html', 'http://mashmaker.intel-research.net/rob/server/pdfs/3c/8/pdf-1.html', 'Page 1', 'A Joint Model of Text and Aspect Ratings for Sentiment Summarization', '', 0, '2008-07-15 10:37:01', 1, 1, 'related'),
(19, 'For example', 'http://mashmaker.intel-research.net/rob/server/pdfs/3c/8/pdf-1.html', 'http://mashmaker.intel-research.net/rob/server/pdfs/3c/8/pdf-1.html', 'Page 1', 'A Joint Model of Text and Aspect Ratings for Sentiment Summarization', '', 0, '2008-07-15 10:37:04', 1, 1, 'related'),
(20, 'coarse-grained', 'http://mashmaker.intel-research.net/rob/server/pdfs/3c/8/pdf-1.html', 'http://mashmaker.intel-research.net/rob/server/pdfs/3c/8/pdf-1.html', 'Page 1', 'A Joint Model of Text and Aspect Ratings for Sentiment Summarization', '', 0, '2008-07-15 10:37:25', 1, 2, 'related'),
(21, '2006', 'http://mashmaker.intel-research.net/rob/server/pdfs/3c/8/pdf-1.html', 'http://mashmaker.intel-research.net/rob/server/pdfs/3c/8/pdf-1.html', 'Page 1', 'A Joint Model of Text and Aspect Ratings for Sentiment Summarization', '', 0, '2008-07-15 10:49:38', 1, 1, 'related'),
(22, 'Though it may be reasonable to expect a user to provide a rating for each aspect, it is unlikely that a user will annotate every sentence and phrase in a review as being relevant to some aspect.', 'http://mashmaker.intel-research.net/rob/server/pdfs/3c/8/pdf-2.html', 'http://mashmaker.intel-research.net/rob/server/pdfs/3c/8/pdf-2.html', 'Page 2', 'A Joint Model of Text and Aspect Ratings for Sentiment Summarization', NULL, 0, '2008-07-15 13:17:23', 8, 1, 'related'),
(23, 'Social media systems such as weblogs, photo- and link- sharing sites, wikis and on-line forums are currently thought to produce up to one third of new Web content', 'http://mashmaker.intel-research.net/rob/server/pdfs/2d/6/pdf-1.html', 'http://mashmaker.intel-research.net/rob/server/pdfs/2d/6/pdf-1.html', 'Page 1', 'The information ecology of social media and online communities', '', 0, '2008-07-15 13:44:34', 1, 7, 'related'),
(24, 'We describe recent work on building systems that use models of the Blogosphere to recognize spam blogs, find opinions on topics, identify communities of interest, derive trust relationships, and detect influential bloggers.', 'http://mashmaker.intel-research.net/rob/server/pdfs/2d/6/pdf-1.html', 'http://mashmaker.intel-research.net/rob/server/pdfs/2d/6/pdf-1.html', 'Page 1', 'The information ecology of social media and online communities', '', 0, '2008-07-15 13:46:04', 1, 8, 'related'),
(25, 'Their reach and impact is significant, with tens of mil- lions of people providing content on a regular basis around the world.', 'http://mashmaker.intel-research.net/rob/server/pdfs/2d/6/pdf-1.html', 'http://mashmaker.intel-research.net/rob/server/pdfs/2d/6/pdf-1.html', 'Page 1', 'The information ecology of social media and online communities', '', 0, '2008-07-15 13:46:31', 1, 9, 'related'),
(26, 'Recent estimates suggest that so- cial media systems are responsible for as much as one third of new Web content', 'http://mashmaker.intel-research.net/rob/server/pdfs/2d/6/pdf-1.html', 'http://mashmaker.intel-research.net/rob/server/pdfs/2d/6/pdf-1.html', 'Page 1', 'The information ecology of social media and online communities', '', 0, '2008-07-15 13:46:50', 1, 7, 'related'),
(27, 'We are developing a model of information flow, in- fluence and trust on the Blogosphere', 'http://mashmaker.intel-research.net/rob/server/pdfs/2d/6/pdf-1.html', 'http://mashmaker.intel-research.net/rob/server/pdfs/2d/6/pdf-1.html', 'Page 1', 'The information ecology of social media and online communities', '', 0, '2008-07-15 13:48:31', 1, 10, 'related'),
(28, 'For example, the people who contribute to blogs and author blog posts form a so- cial network with their peers, which can be induced by the links between blogs.', 'http://mashmaker.intel-research.net/rob/server/pdfs/2d/6/pdf-1.html', 'http://mashmaker.intel-research.net/rob/server/pdfs/2d/6/pdf-1.html', 'Page 1', 'The information ecology of social media and online communities', NULL, 0, '2008-07-15 14:06:29', 1, 11, 'related'),
(29, 'We begin by describing an overarching task of discovering which blogs and blog- gers are most influential within a community or about a topic.', 'http://mashmaker.intel-research.net/rob/server/pdfs/2d/6/pdf-2.html', 'http://mashmaker.intel-research.net/rob/server/pdfs/2d/6/pdf-2.html', 'Page 2', 'The information ecology of social media and online communities', NULL, 0, '2008-07-15 14:07:23', 1, 12, 'related'),
(30, 'However, influ- ence on the Web is often a function of topic. For exam- ple, Engadget''s1 influence is in the domain of consumer electronics and Daily Kos2 in politics.', 'http://mashmaker.intel-research.net/rob/server/pdfs/2d/6/pdf-2.html', 'http://mashmaker.intel-research.net/rob/server/pdfs/2d/6/pdf-2.html', 'Page 2', 'The information ecology of social media and online communities', NULL, 0, '2008-07-15 14:08:52', 1, 13, 'related'),
(31, 'Epidemic-based mod- els like linear threshold and cascade models (Kempe, Kleinberg, & Tardos 2003; 2005; Leskovec et al. 2007) have been used to find a small set of individuals who are most influential in social network.', 'http://mashmaker.intel-research.net/rob/server/pdfs/2d/6/pdf-2.html', 'http://mashmaker.intel-research.net/rob/server/pdfs/2d/6/pdf-2.html', 'Page 2', 'The information ecology of social media and online communities', NULL, 0, '2008-07-15 14:09:20', 1, 14, 'related'),
(32, 'With the large number of niches existing on the Blogosphere, a blog that is relatively low ranked can be highly influential in this small community of interest', 'http://mashmaker.intel-research.net/rob/server/pdfs/2d/6/pdf-2.html', 'http://mashmaker.intel-research.net/rob/server/pdfs/2d/6/pdf-2.html', 'Page 2', 'The information ecology of social media and online communities', NULL, 0, '2008-07-15 14:10:19', 1, 15, 'related'),
(33, 'By clustering related folders, we can induce an intuitive set of topics for feeds and blogs.', 'http://mashmaker.intel-research.net/rob/server/pdfs/2d/6/pdf-2.html', 'http://mashmaker.intel-research.net/rob/server/pdfs/2d/6/pdf-2.html', 'Page 2', 'The information ecology of social media and online communities', NULL, 0, '2008-07-15 14:14:24', 1, 16, 'related'),
(34, 'An important component in understanding influence is to detect the sentiment and opinions expressed in blog posts.', 'http://mashmaker.intel-research.net/rob/server/pdfs/2d/6/pdf-2.html', 'http://mashmaker.intel-research.net/rob/server/pdfs/2d/6/pdf-2.html', 'Page 2', 'The information ecology of social media and online communities', NULL, 0, '2008-07-15 14:18:10', 1, 17, 'related'),
(35, 'An aggregated opinion over many users is a predictor for an interesting trend in a community. Sufficient adoption of this trend could lead to a "tip- ping point', 'http://mashmaker.intel-research.net/rob/server/pdfs/2d/6/pdf-2.html', 'http://mashmaker.intel-research.net/rob/server/pdfs/2d/6/pdf-2.html', 'Page 2', 'The information ecology of social media and online communities', NULL, 0, '2008-07-15 14:18:43', 1, 18, 'related'),
(36, 'Since blog posts are often informally written, poorly structured, rife with spelling and grammatical errors, and feature non-traditional content they are difficult to process with standard language analysis tools.', 'http://mashmaker.intel-research.net/rob/server/pdfs/2d/6/pdf-3.html', 'http://mashmaker.intel-research.net/rob/server/pdfs/2d/6/pdf-3.html', 'Page 3', 'The information ecology of social media and online communities', NULL, 0, '2008-07-15 14:19:32', 1, 19, 'related'),
(37, 'In the next section we describe techniques designed to eliminate spam content from a blog index.', 'http://mashmaker.intel-research.net/rob/server/pdfs/2d/6/pdf-3.html', 'http://mashmaker.intel-research.net/rob/server/pdfs/2d/6/pdf-3.html', 'Page 3', 'The information ecology of social media and online communities', NULL, 0, '2008-07-15 14:20:29', 1, 20, 'related'),
(38, 'In the following sections we also introduce a tech- nique we call "link polarity". We represent each edge in the influence graph with a vector of topic and corre- sponding weights indicating either positive or negative sentiment associated with the link for a Web resource. Thus if a blog A links to a blog B with a negative senti- ment for a topic T, influencing B would have little effect on A. ', 'http://mashmaker.intel-research.net/rob/server/pdfs/2d/6/pdf-3.html', 'http://mashmaker.intel-research.net/rob/server/pdfs/2d/6/pdf-3.html', 'Page 3', 'The information ecology of social media and online communities', NULL, 0, '2008-07-15 14:22:10', 1, 21, 'related'),
(39, 'spam has be- come a serious problem in blogs and social media', 'http://mashmaker.intel-research.net/rob/server/pdfs/2d/6/pdf-3.html', 'http://mashmaker.intel-research.net/rob/server/pdfs/2d/6/pdf-3.html', 'Page 3', 'The information ecology of social media and online communities', NULL, 0, '2008-07-15 14:25:38', 1, 22, 'related'),
(40, 'Spam blogs constitute the second kind of spam. These are blogs created using splog creation tools (Finin 2006), and are either fully or partly machine generated. Splogs have two often overlapping mo- tives. The first is the creation of blogs containing gib- berish or hijacked content from other blogs and news sources with the sole purpose of hosting profitable context based advertisements. The second is the cre- ation of blogs which realize link farms intended to increase the ranking of affiliate sites (blogs or non- blog web-pages). One such splog is shown in figure 4.', 'http://mashmaker.intel-research.net/rob/server/pdfs/2d/6/pdf-4.html', 'http://mashmaker.intel-research.net/rob/server/pdfs/2d/6/pdf-4.html', 'Page 4', 'The information ecology of social media and online communities', NULL, 0, '2008-07-15 14:28:29', 1, 23, 'related'),
(41, 'For instance, text like "comments-off" (comments are usu- ally turned-off in splogs), "new-york" (a high paying advertising term), "in-uncategorized" (spammers do not bother to specify categories for blog posts) are features common to splogs, whereas text like "2-comments", "1- comment", "i-have", "to-my" were some features com- mon to authentic blogs.', 'http://mashmaker.intel-research.net/rob/server/pdfs/2d/6/pdf-5.html', 'http://mashmaker.intel-research.net/rob/server/pdfs/2d/6/pdf-5.html', 'Page 5', 'The information ecology of social media and online communities', NULL, 0, '2008-07-15 14:30:26', 1, 24, 'related'),
(42, 'We have investigated the use of link distributions to see if splogs can be identified once they place themselves on the blog (web) hyper-link graph. The intuition is that that authentic blogs are very un- likely to link to splogs and that splogs frequently do link to other splogs.', 'http://mashmaker.intel-research.net/rob/server/pdfs/2d/6/pdf-5.html', 'http://mashmaker.intel-research.net/rob/server/pdfs/2d/6/pdf-5.html', 'Page 5', 'The information ecology of social media and online communities', NULL, 0, '2008-07-15 14:32:11', 1, 25, 'related'),
(43, 'The text neighboring the link provides direct meaningful insight into blogger a''s opinion', 'http://mashmaker.intel-research.net/rob/server/pdfs/2d/6/pdf-5.html', 'http://mashmaker.intel-research.net/rob/server/pdfs/2d/6/pdf-5.html', 'Page 5', 'The information ecology of social media and online communities', NULL, 0, '2008-07-15 14:34:17', 1, 26, 'related'),
(44, 'For our requirements, we do not need to employ complex natural language processing techniques since bloggers typically convey their bias about the post/blog pointed by the link in a straightforward manner.', 'http://mashmaker.intel-research.net/rob/server/pdfs/2d/6/pdf-6.html', 'http://mashmaker.intel-research.net/rob/server/pdfs/2d/6/pdf-6.html', 'Page 6', 'The information ecology of social media and online communities', NULL, 0, '2008-07-15 14:36:00', 1, 27, 'related'),
(45, 'Republican blogs typically have a higher connectivity then Democratic blogs in the politi- cal blogosphere', 'http://mashmaker.intel-research.net/rob/server/pdfs/2d/6/pdf-7.html', 'http://mashmaker.intel-research.net/rob/server/pdfs/2d/6/pdf-7.html', 'Page 7', 'The information ecology of social media and online communities', NULL, 0, '2008-07-15 14:38:11', 1, 28, 'related'),
(46, 'The main contribution of this work lies in applying trust propa- gation models over polar links.', 'http://mashmaker.intel-research.net/rob/server/pdfs/2d/6/pdf-7.html', 'http://mashmaker.intel-research.net/rob/server/pdfs/2d/6/pdf-7.html', 'Page 7', 'The information ecology of social media and online communities', NULL, 0, '2008-07-15 14:39:23', 1, 29, 'related'),
(47, 'Blog writers are enthusiastic blog readers.', 'http://mashmaker.intel-research.net/rob/server/pdfs/2d/6/pdf-7.html', 'http://mashmaker.intel-research.net/rob/server/pdfs/2d/6/pdf-7.html', 'Page 7', 'The information ecology of social media and online communities', NULL, 0, '2008-07-15 14:55:57', 1, 30, 'related'),
(48, 'Videotape of a Canadian teenager being questioned at the U.S. Navy base in Guantanamo Bay', 'http://www.bloomberg.com/apps/news?pid=20601086&sid=avX5fkXEfVWc', 'http://www.bloomberg.com/apps/news?pid=20601086&sid=avX5fkXEfVWc', 'Bloomberg.com: Latin America', '', NULL, 0, '2008-07-15 18:30:35', 1, 22, 'related'),
(49, 'There are many possible ways to represent a document for the purpose of supporting effective similarity search.', 'http://www2002.org/CDROM/refereed/75/', 'http://www2002.org/CDROM/refereed/75/', 'Evaluating Strategies for Similarity Search on the Web', '', NULL, 0, '2008-07-16 10:56:50', 8, 31, 'related'),
(50, 'The anchor-window often constitutes a hand-built summary of the target document [1], collecting both explicit hand-summarization and implicit hand-classification present in referring documents.', 'http://www2002.org/CDROM/refereed/75/', 'http://www2002.org/CDROM/refereed/75/', 'Evaluating Strategies for Similarity Search on the Web', '', NULL, 0, '2008-07-16 11:03:23', 8, 32, 'related'),
(51, 'Because each stage of our algorithm is trivially parallelizable, our indexing approach can scale to the few billion accessible documents currently on the Web.', 'http://www2002.org/CDROM/refereed/75/', 'http://www2002.org/CDROM/refereed/75/', 'Evaluating Strategies for Similarity Search on the Web', '', NULL, 0, '2008-07-16 11:05:44', 8, 33, 'related'),
(52, 'user studies are time-consuming, costly, and not well-suited to research that involves the comparison of many parameters', 'http://www2002.org/CDROM/refereed/75/', 'http://www2002.org/CDROM/refereed/75/', 'Evaluating Strategies for Similarity Search on the Web', '', NULL, 0, '2008-07-16 11:07:16', 8, 34, 'related'),
(53, 'a document in the recreation/aviation/un-powered class is on average more similar to other documents in that same class than those outside of that class', 'http://www2002.org/CDROM/refereed/75/', 'http://www2002.org/CDROM/refereed/75/', 'Evaluating Strategies for Similarity Search on the Web', '', NULL, 0, '2008-07-16 11:11:57', 8, 35, 'related'),
(54, 'For both the content and anchor-based approaches, we chose to remove all HTML comments, Javascript code, tags (except ''alt'' text), and non-alphabetic characters. A stopword list containing roughly 800 terms was also applied.', 'http://www2002.org/CDROM/refereed/75/', 'http://www2002.org/CDROM/refereed/75/', 'Evaluating Strategies for Similarity Search on the Web', '', NULL, 0, '2008-07-16 11:19:52', 8, 36, 'related'),
(55, 'In the case where we are judging document similarities, rare terms are much less useful as they are often typos, rare names, or other nontopical terms that adversely affect the similarity measure.', 'http://www2002.org/CDROM/refereed/75/', 'http://www2002.org/CDROM/refereed/75/', 'Evaluating Strategies for Similarity Search on the Web', '', NULL, 0, '2008-07-16 11:35:07', 8, 36, 'related'),
(56, 'A typ- ical blog post has a set of comments that link back to people and blogs associated with them.', 'http://mashmaker.intel-research.net/rob/server/pdfs/2d/6/pdf-2.html', 'http://mashmaker.intel-research.net/rob/server/pdfs/2d/6/pdf-2.html', 'Page 2', 'The information ecology of social media and online communities', NULL, 0, '2008-07-16 14:47:02', 8, 11, 'related'),
(57, 'Through original content and sometimes via commentary on top- ics of current interest, bloggers influence each other and their audience.', 'http://mashmaker.intel-research.net/rob/server/pdfs/2d/6/pdf-2.html', 'http://mashmaker.intel-research.net/rob/server/pdfs/2d/6/pdf-2.html', 'Page 2', 'The information ecology of social media and online communities', NULL, 0, '2008-07-16 14:51:23', 8, 37, 'related'),
(58, 'In our approach, we say that a feed is topically relevant and authoritative if many users have cate- gorized it under similar folder names.', 'http://mashmaker.intel-research.net/rob/server/pdfs/2d/6/pdf-2.html', 'http://mashmaker.intel-research.net/rob/server/pdfs/2d/6/pdf-2.html', 'Page 2', 'The information ecology of social media and online communities', NULL, 0, '2008-07-16 14:57:55', 8, 38, 'related'),
(59, 'Us- ing link polarity and trust propagation we have demon- strated how like-minded blogs can be discovered', 'http://mashmaker.intel-research.net/rob/server/pdfs/2d/6/pdf-3.html', 'http://mashmaker.intel-research.net/rob/server/pdfs/2d/6/pdf-3.html', 'Page 3', 'The information ecology of social media and online communities', NULL, 0, '2008-07-16 15:04:00', 8, 39, 'related'),
(60, 'By considering influence as a temporal phenomenon, we can find key individuals that are early adopters or "buzz generators" for a topic. ', 'http://mashmaker.intel-research.net/rob/server/pdfs/2d/6/pdf-3.html', 'http://mashmaker.intel-research.net/rob/server/pdfs/2d/6/pdf-3.html', 'Page 3', 'The information ecology of social media and online communities', NULL, 0, '2008-07-16 15:08:37', 8, 40, 'related'),
(61, 'Interesting discrim- inative features were observed in this experiment. For instance, text like "comments-off" (comments are usu- ally turned-off in splogs), "new-york" (a high paying advertising term), "in-uncategorized" (spammers do not bother to specify categories for blog posts) are features common to splogs, whereas text like "2-comments", "1- comment", "i-have", "to-my" were some features com- mon to authentic blogs.', 'http://mashmaker.intel-research.net/rob/server/pdfs/2d/6/pdf-5.html', 'http://mashmaker.intel-research.net/rob/server/pdfs/2d/6/pdf-5.html', 'Page 5', 'The information ecology of social media and online communities', NULL, 0, '2008-07-16 15:17:20', 8, 41, 'related'),
(65, 'Given the amount of data and number of parameters in many EM applications, it is worthwhile to distribute the algorithm across many machines.', 'http://mashmaker.intel-research.net/rob/server/pdfs/f5/16/pdf-3.html', 'http://mashmaker.intel-research.net/rob/server/pdfs/f5/16/pdf-3.html', 'Page 3', 'Fully Distributed EM for Very Large Datasets', NULL, 0, '2008-07-16 17:15:48', 8, 33, 'related'),
(64, 'In LDA, we fix a finite number of topics T and assume a closed vocabulary of size V .', 'http://mashmaker.intel-research.net/rob/server/pdfs/f5/16/pdf-2.html', 'http://mashmaker.intel-research.net/rob/server/pdfs/f5/16/pdf-2.html', 'Page 2', 'Fully Distributed EM for Very Large Datasets', NULL, 0, '2008-07-16 17:15:04', 8, 43, 'related'),
(63, 'In this case, one quickly gets to the point where no single compute node can store the model pa- rameters (expectations over word pairs in this case) for all of the data at once', 'http://mashmaker.intel-research.net/rob/server/pdfs/f5/16/pdf-1.html', 'http://mashmaker.intel-research.net/rob/server/pdfs/f5/16/pdf-1.html', 'Page 1', 'Fully Distributed EM for Very Large Datasets', NULL, 0, '2008-07-16 17:00:15', 8, 42, 'related'),
(62, 'With dramatic recent increases in both data scale and multi-core environments, it has become increasingly important to understand how machine learning algo- rithms can be efficiently parallelized.', 'http://mashmaker.intel-research.net/rob/server/pdfs/f5/16/pdf-1.html', 'http://mashmaker.intel-research.net/rob/server/pdfs/f5/16/pdf-1.html', 'Page 1', 'Fully Distributed EM for Very Large Datasets', NULL, 0, '2008-07-16 16:46:14', 8, 33, 'related'),
(66, 'Distributing the E-Step is relatively straightforward, since the expected sufficient statistics for each datum can be computed independently given a current esti- mate of the parameters.', 'http://mashmaker.intel-research.net/rob/server/pdfs/f5/16/pdf-3.html', 'http://mashmaker.intel-research.net/rob/server/pdfs/f5/16/pdf-3.html', 'Page 3', 'Fully Distributed EM for Very Large Datasets', NULL, 0, '2008-07-16 17:17:02', 8, 44, 'related'),
(67, 'MapReduce takes a completely centralized approach to implementing the C-Step, in which the accumula- tion of at the Reduce node can be slow or even infea- sible.', 'http://mashmaker.intel-research.net/rob/server/pdfs/f5/16/pdf-4.html', 'http://mashmaker.intel-research.net/rob/server/pdfs/f5/16/pdf-4.html', 'Page 4', 'Fully Distributed EM for Very Large Datasets', NULL, 0, '2008-07-16 17:29:03', 8, 45, 'related'),
(68, 'Jackson used the plural form of the n-word, not black people, in the second part of his comment.', 'http://latimesblogs.latimes.com/washington/2008/07/what-else-jesse.html', 'http://latimesblogs.latimes.com/washington/2008/07/what-else-jesse.html', 'What else Jesse Jackson said when he slammed Barack Obama | Top of the Ticket | Los Angeles Times', '', NULL, 0, '2008-07-16 18:59:24', 1, 46, 'related'),
(69, 'The concept of executive privilege rings a special bell with readers of a certain age. It was relied on by the Richard M. Nixon White House seeking to shield documents and personnel from inquiring congressional committees and prosecutors during the Watergate investigations.', 'http://latimesblogs.latimes.com/presidentbush/2008/07/cheney-plame-ag.html', 'http://latimesblogs.latimes.com/presidentbush/2008/07/cheney-plame-ag.html', 'Bush claims executive privilege in Valerie Plame Wilson case | Countdown to Crawford | Los Angeles Times', '', NULL, 0, '2008-07-16 19:00:18', 1, 47, 'related'),
(70, 'President Bush quietly claimed executive privilege on Tuesday, after Atty. Gen. Michael B. Mukasey requested the shield. Mukasey is seeking to avoid delivering to congressional investigators documents dealing with interviews of Vice President Dick Cheney and members of his staff regarding the unmasking of CIA covert agent Valerie Plame Wilson. ', 'http://latimesblogs.latimes.com/presidentbush/2008/07/cheney-plame-ag.html', 'http://latimesblogs.latimes.com/presidentbush/2008/07/cheney-plame-ag.html', 'Bush claims executive privilege in Valerie Plame Wilson case | Countdown to Crawford | Los Angeles Times', '', NULL, 0, '2008-07-16 19:01:07', 1, 48, 'related'),
(71, 'This executive privilege claim, and your justification for it, appears to turn the privilege on its head. The purpose of executive privilege is to encourage candid advice to the president, not to cover up what the vice president and White House staff say to investigating authorities when that information is requested in the course of congressional oversight.', 'http://latimesblogs.latimes.com/presidentbush/2008/07/cheney-plame-ag.html', 'http://latimesblogs.latimes.com/presidentbush/2008/07/cheney-plame-ag.html', 'Bush claims executive privilege in Valerie Plame Wilson case | Countdown to Crawford | Los Angeles Times', '', NULL, 0, '2008-07-16 19:03:22', 1, 49, 'related'),
(72, 'Instead, the results highlight the difficulty of weight loss and the fact that most diets do not work well.', 'http://www.nytimes.com/2008/07/17/health/nutrition/17diets.html', 'http://www.nytimes.com/2008/07/17/health/nutrition/17diets.html', 'Long-Term Diet Study Suggests Success Is Hard to Come By - NYTimes.com', '', NULL, 0, '2008-07-16 19:27:14', 1, 50, 'related'),
(73, 'The biggest weight loss happened in the first five months of the diet  low-fat and Mediterranean dieters lost about 10 pounds, and low-carbohydrate dieters lost 14 pounds. ', 'http://www.nytimes.com/2008/07/17/health/nutrition/17diets.html', 'http://www.nytimes.com/2008/07/17/health/nutrition/17diets.html', 'Long-Term Diet Study Suggests Success Is Hard to Come By - NYTimes.com', '', NULL, 0, '2008-07-16 19:28:11', 1, 51, 'related'),
(74, 'By the end of two years, all the dieters had regained some, but not all, of the lost weight.', 'http://www.nytimes.com/2008/07/17/health/nutrition/17diets.html', 'http://www.nytimes.com/2008/07/17/health/nutrition/17diets.html', 'Long-Term Diet Study Suggests Success Is Hard to Come By - NYTimes.com', '', NULL, 0, '2008-07-16 19:28:43', 1, 52, 'related'),
(75, 'In one fell swoop, other companies will realize that they will be able to get away with selling Mac OS X on their own brand of computers and use the precedent of the Psystar case to their advantage if and when they face legal action from Apple.', 'http://news.cnet.com/8301-13506_3-9992544-17.html', 'http://news.cnet.com/8301-13506_3-9992544-17.html', 'Apple must win its case against Psystar -- or else | The Digital Home - Don Reisinger''s take on the tech closest to home - CNET ', '', NULL, 0, '2008-07-16 19:31:06', 1, 53, 'related'),
(76, 'I would venture to say that the vast majority of small computer companies are looking to jump on that bandwagon at any second and have waited this long because of their desire to see what happens to Psystar.', 'http://news.cnet.com/8301-13506_3-9992544-17.html', 'http://news.cnet.com/8301-13506_3-9992544-17.html', 'Apple must win its case against Psystar -- or else | The Digital Home - Don Reisinger''s take on the tech closest to home - CNET ', '', NULL, 0, '2008-07-16 19:32:04', 1, 54, 'related'),
(77, 'is the hormone that regulates red blood cell production', 'http://en.wikipedia.org/wiki/Erythropoietin', 'http://en.wikipedia.org/wiki/Erythropoietin', 'Erythropoietin - Wikipedia, the free encyclopedia', '', NULL, 0, '2008-07-16 19:40:06', 1, 55, 'related'),
(78, ':class_name - Specify the class name of the association. Use it only if that name cant be inferred from the association name. So has_one :author will by default be linked to the Author class, but if the real class name is Person, youll have to specify it with this option.', 'http://api.rubyonrails.org/classes/ActiveRecord/Associations/ClassMethods.html#M000530', 'http://api.rubyonrails.org/classes/ActiveRecord/Associations/ClassMethods.html#M000530', 'Module: ActiveRecord::Associations::ClassMethods', '', NULL, 0, '2008-07-16 22:26:54', 1, 56, 'related'),
(79, 'Through the use of eager loading, the 101 queries can be reduced to 2. ', 'http://api.rubyonrails.org/classes/ActiveRecord/Associations/ClassMethods.html#M000530', 'http://api.rubyonrails.org/classes/ActiveRecord/Associations/ClassMethods.html#M000530', 'Module: ActiveRecord::Associations::ClassMethods', '', NULL, 0, '2008-07-16 22:28:08', 1, 57, 'related'),
(80, 'if your database supports views then you can alias your table names and column names to Rails conventions.', 'http://wiki.rubyonrails.org/rails/pages/HowToUseLegacySchemas', 'http://wiki.rubyonrails.org/rails/pages/HowToUseLegacySchemas', 'HowToUseLegacySchemas in Ruby on Rails', '', NULL, 0, '2008-07-16 22:29:24', 1, 58, 'related'),
(81, 'For example, lets suppose that your legacy database use a table named FooBar, and that youd like to map the model Client onto this table. By using the set_table_name class method you can define this:', 'http://sl33p3r.free.fr/tutorials/rails/legacy/legacy_databases.html', 'http://sl33p3r.free.fr/tutorials/rails/legacy/legacy_databases.html', 'Rails and Legacy Databases', '', NULL, 0, '2008-07-16 22:38:50', 1, 59, 'related'),
(82, 'The same goes for the private key. In RoR, the convention says that the primary key should be named id and should be auto-incremented. In many legacy databases the primary key wont be named id. By using the set_primary_key you can redefine the name if the primary key to be used:', 'http://sl33p3r.free.fr/tutorials/rails/legacy/legacy_databases.html', 'http://sl33p3r.free.fr/tutorials/rails/legacy/legacy_databases.html', 'Rails and Legacy Databases', '', NULL, 0, '2008-07-16 22:39:21', 1, 60, 'related'),
(83, 'New York City has long been the highest tax jurisdiction in the United States, but California politicians are proposing to steal that brass tiara.', 'http://online.wsj.com/article/SB121625150189660215.html', 'http://online.wsj.com/article/SB121625150189660215.html', 'California as No. 1 - WSJ.com', '', NULL, 0, '2008-07-17 09:22:56', 8, 61, 'related'),
(84, 'This plan would also repeal indexing for inflation, which is a sneaky way for politicians to push middle-income Californians into higher tax brackets every year, especially when prices are rising as they are now.', 'http://online.wsj.com/article/SB121625150189660215.html', 'http://online.wsj.com/article/SB121625150189660215.html', 'California as No. 1 - WSJ.com', '', NULL, 0, '2008-07-17 09:26:31', 8, 62, 'related'),
(85, 'Census Bureau data show that, from 1996-2005, 1.3 million more Americans left than came to California.', 'http://online.wsj.com/article/SB121625150189660215.html', 'http://online.wsj.com/article/SB121625150189660215.html', 'California as No. 1 - WSJ.com', '', NULL, 0, '2008-07-17 09:28:21', 8, 63, 'related'),
(86, 'Those with incomes of more than $100,000 pay 83% of the state''s income taxes, and the richest 6,000 of the 38 million Californians pay $9 billion in taxes.', 'http://online.wsj.com/article/SB121625150189660215.html', 'http://online.wsj.com/article/SB121625150189660215.html', 'California as No. 1 - WSJ.com', '', NULL, 0, '2008-07-17 09:29:10', 8, 64, 'related'),
(87, 'New housing data reveals that the average California home price fell by 28% from June 2007 to June 2008, almost double the decline of any other state.', 'http://online.wsj.com/article/SB121625150189660215.html', 'http://online.wsj.com/article/SB121625150189660215.html', 'California as No. 1 - WSJ.com', '', NULL, 0, '2008-07-17 09:30:12', 8, 65, 'related'),
(88, 'State outlays were up 44% over the past five years, meaning that California is spending at a faster pace than even Congress. ', 'http://online.wsj.com/article/SB121625150189660215.html', 'http://online.wsj.com/article/SB121625150189660215.html', 'California as No. 1 - WSJ.com', '', NULL, 0, '2008-07-17 09:31:11', 8, 66, 'related'),
(89, 'If you''re a BlackBerry user, you''re probably getting tired of hearing about all the things Apple''s iPhone can do.', 'http://online.wsj.com/article/SB121615180290355595.html', 'http://online.wsj.com/article/SB121615180290355595.html', 'The Mossberg Solution - WSJ.com', '', NULL, 0, '2008-07-17 09:40:21', 8, 67, 'related'),
(90, 'This week, I gathered up some useful shortcuts that come built into most of the BlackBerrys, even older models, made by Research In Motion Ltd. but not many owners actually use or know about them.', 'http://online.wsj.com/article/SB121615180290355595.html', 'http://online.wsj.com/article/SB121615180290355595.html', 'The Mossberg Solution - WSJ.com', '', NULL, 0, '2008-07-17 09:46:49', 8, 68, 'related'),
(91, 'This week''s New Yorker magazine cover, an illustration depicting Sen. Barack Obama and his wife as fist-bumping terrorists, has been all over the news.', 'http://online.wsj.com/article/SB121625710569060513.html', 'http://online.wsj.com/article/SB121625710569060513.html', 'Picturing Obama - WSJ.com', '', NULL, 0, '2008-07-17 09:49:24', 8, 69, 'related'),
(92, 'Collectors, investors and fund-raisers -- many of them looking to cash in on the candidate''s popularity and place in history -- are snapping up campaign posters and other works depicting the presumptive Democratic nominee.', 'http://online.wsj.com/article/SB121625710569060513.html', 'http://online.wsj.com/article/SB121625710569060513.html', 'Picturing Obama - WSJ.com', '', NULL, 0, '2008-07-17 09:50:11', 8, 70, 'related'),
(93, 'Much of the Obama art market is centered on "street art," a graffiti-inspired genre that takes the form of posters, stickers and other works that are meant to be plastered in public spaces.', 'http://online.wsj.com/article/SB121625710569060513.html', 'http://online.wsj.com/article/SB121625710569060513.html', 'Picturing Obama - WSJ.com', '', NULL, 0, '2008-07-17 09:51:42', 8, 71, 'related'),
(94, 'There appears to be little demand for art promoting Sen. John McCain, the presumptive Republican presidential nominee, art experts say.', 'http://online.wsj.com/article/SB121625710569060513.html', 'http://online.wsj.com/article/SB121625710569060513.html', 'Picturing Obama - WSJ.com', '', NULL, 0, '2008-07-17 10:11:23', 8, 72, 'related'),
(95, 'In Texas, Austin-based designer Baxter Orr, an Independent, created "Dope," a parody of Mr. Fairey''s posters that makes sport of Mr. Obama''s cocaine use as a young man.', 'http://online.wsj.com/article/SB121625710569060513.html', 'http://online.wsj.com/article/SB121625710569060513.html', 'Picturing Obama - WSJ.com', '', NULL, 0, '2008-07-17 10:29:57', 8, 73, 'related'),
(96, 'Seven Reasons Why the New iPhone Sucks', 'http://www.divinecaroline.com/article/22279/52271-seven-reasons-new-iphone-sucks', 'http://www.divinecaroline.com/article/22279/52271-seven-reasons-new-iphone-sucks', 'Seven Reasons Why the New iPhone Sucks', '', NULL, 0, '2008-07-17 10:39:34', 8, 74, 'related'),
(97, 'If you take into account the regular monthly fee, the data fee, the text message fee, which used to be free, and the $99 annual mobileme fee you could end up spending over $1,000 a year to own an iPhone', 'http://www.divinecaroline.com/article/22279/52271-seven-reasons-new-iphone-sucks', 'http://www.divinecaroline.com/article/22279/52271-seven-reasons-new-iphone-sucks', 'Seven Reasons Why the New iPhone Sucks', '', NULL, 0, '2008-07-17 10:40:21', 8, 75, 'related'),
(98, 'Although there are plenty of phones, including AT&Ts Tilt, that will allow you to use your 3G phone as a high speed modem for your laptop, the iPhone wont be one of them', 'http://www.divinecaroline.com/article/22279/52271-seven-reasons-new-iphone-sucks', 'http://www.divinecaroline.com/article/22279/52271-seven-reasons-new-iphone-sucks', 'Seven Reasons Why the New iPhone Sucks', '', NULL, 0, '2008-07-17 10:42:41', 8, 74, 'related'),
(99, 'Yes it will superimpose your position on a Google map, or show you the closest pizzeria but what about getting real-time route guidance?', 'http://www.divinecaroline.com/article/22279/52271-seven-reasons-new-iphone-sucks', 'http://www.divinecaroline.com/article/22279/52271-seven-reasons-new-iphone-sucks', 'Seven Reasons Why the New iPhone Sucks', '', NULL, 0, '2008-07-17 10:43:09', 8, 74, 'related'),
(100, 'Predictive typing is fine but spell checkers are everywhere else but here. ', 'http://www.divinecaroline.com/article/22279/52271-seven-reasons-new-iphone-sucks', 'http://www.divinecaroline.com/article/22279/52271-seven-reasons-new-iphone-sucks', 'Seven Reasons Why the New iPhone Sucks', '', NULL, 0, '2008-07-17 10:43:36', 8, 74, 'related'),
(101, 'While current law allows health care providers and professionals to refuse to provide abortions based on their religious beliefs, this provision would threaten the funding of organizations and health facilities if they do not hire people who would refuse to provide birth control and defines abortion so broadly that it would include many types of birth control, including oral contraception.', 'http://www.speaker.gov/blog/', 'http://www.speaker.gov/blog/', 'The Gavel  Blog Archive  Bush Administration Tries to Redefine Contraception as Abortion', '', NULL, 0, '2008-07-17 10:49:23', 8, 76, 'related'),
(102, 'The majority of Americans oppose this out of touch position that redefines contraception as abortion', 'http://www.speaker.gov/blog/', 'http://www.speaker.gov/blog/', 'The Gavel  Blog Archive  Bush Administration Tries to Redefine Contraception as Abortion', '', NULL, 0, '2008-07-17 10:50:28', 8, 77, 'related'),
(103, 'Time and again this Administration has jeopardized womens access to essential family planning services for purely ideological reasons.', 'http://www.speaker.gov/blog/', 'http://www.speaker.gov/blog/', 'The Gavel  Blog Archive  Bush Administration Tries to Redefine Contraception as Abortion', '', NULL, 0, '2008-07-17 10:54:00', 8, 76, 'related'),
(104, 'Methods for automatically classifying words according to their contexts of use have both scientific and prac- tical interest.', 'http://mashmaker.intel-research.net/rob/server/pdfs/da/18/pdf-1.html', 'http://mashmaker.intel-research.net/rob/server/pdfs/da/18/pdf-1.html', 'Page 1', 'DISTRIBUTIONAL CLUSTERING OF ENGLISH WORDS', NULL, 0, '2008-07-18 11:00:26', 8, 78, 'related'),
(105, 'From the practical point of view, word classification addresses questions of data sparseness and generalization in statistical lan- guage models, particularly models for deciding among alternative analyses proposed by a grammar.', 'http://mashmaker.intel-research.net/rob/server/pdfs/da/18/pdf-1.html', 'http://mashmaker.intel-research.net/rob/server/pdfs/da/18/pdf-1.html', 'Page 1', 'DISTRIBUTIONAL CLUSTERING OF ENGLISH WORDS', NULL, 0, '2008-07-18 11:05:47', 8, 79, 'related'),
(106, 'And God said, Behold', 'http://mashmaker.intel-research.net/beth/', 'http://mashmaker.intel-research.net/beth/', 'testing', '', NULL, 0, '2008-07-22 11:43:46', 1, 2, 'related'),
(107, 'user_path is missing because you don''t have a named route for user. In a conventional rails 2.0 restful application the controller for User would be named UsersController, and in the config/routes.rb you''d have ActionController::Routing::Routes.draw do |map| map.resources :users which would generate a bunch of named routes and path/url helpers including the missing user_path ', 'http://www.ruby-forum.com/topic/141825', 'http://www.ruby-forum.com/topic/141825', 'Rails 2.0.2 upgrade -> undefined method `user_path'' - Ruby Forum', '', NULL, 0, '2008-07-22 11:43:46', 1, 80, 'related'),
(108, 'hat was the night the invading Nazis came to take her away from her Ukrainian home', 'http://www.cnn.com/2008/WORLD/europe/07/11/holocaust.reunion/index.html', 'http://www.cnn.com/2008/WORLD/europe/07/11/holocaust.reunion/index.html', 'Holocaust siblings meet after 66 years - CNN.com', '', NULL, 0, '2008-07-22 11:43:46', 8, 1, 'related'),
(109, 'Obama -- who has made ending the Iraq war a cornerstone of his run for office -- engaged in what were described as productive talks with al-Maliki during a trip to Iraq. ', 'http://www.cnn.com/2008/POLITICS/07/21/obama.mideast/index.html', 'http://www.cnn.com/2008/POLITICS/07/21/obama.mideast/index.html', 'Iraq leader, Obama discuss future troop pullout - CNN.com', '', NULL, 0, '2008-07-22 11:43:46', 8, 1, 'related'),
(110, 'Partials ("partial views") are fragments of RHTML that can be inserted into a view. They exist to make the view logic simpler. The most typical usage is rendering a list of items. The view logic for each item is encapulated in a partial, and the view simply iterates through them, perhaps like this: ', 'http://www.pointstorm.com/~gavin/partials-doc/classes/ActionView/Partials.html', 'http://www.pointstorm.com/~gavin/partials-doc/classes/ActionView/Partials.html', 'Module: ActionView::Partials', '', NULL, 0, '2008-07-22 11:43:46', 1, 81, 'related'),
(111, 'A new barrier along the sides of the 4,200-foot-long span needs to be formidable enough to stop or slow down people who want to leap off the edge -- but not so formidable that it adds dangerous stress to a structure that on three occasions was closed because of high winds. ', 'http://www.sfgate.com/cgi-bin/article.cgi', 'http://www.sfgate.com/cgi-bin/article.cgi', 'LETHAL BEAUTY / THE ENGINEERING CHALLENGE: A suicide barrier must be effective and safe. The sixth in a seven-part series on the', '', NULL, 0, '2008-07-22 11:43:46', 1, 82, 'related'),
(112, '"We came to a conclusion that from the standpoint of risk, the bridge is more vulnerable to wind than to earthquakes," says Mark Ketchum, a vice president at OPAC Consulting Engineers, who in the late 1980s conducted seismic studies of the bridge for another firm. ', 'http://www.sfgate.com/cgi-bin/article.cgi', 'http://www.sfgate.com/cgi-bin/article.cgi', 'LETHAL BEAUTY / THE ENGINEERING CHALLENGE: A suicide barrier must be effective and safe. The sixth in a seven-part series on the', '', NULL, 0, '2008-07-22 11:43:46', 1, 83, 'related'),
(113, 'For instance, Mulligan points out that a design based on thin vertical rods, as favored in the ''70s, could be a safety hazard for bicyclists, who use the bridge in vastly greater numbers today. The reason? Their handlebars could get snagged in the rods. ', 'http://www.sfgate.com/cgi-bin/article.cgi', 'http://www.sfgate.com/cgi-bin/article.cgi', 'LETHAL BEAUTY / THE ENGINEERING CHALLENGE: A suicide barrier must be effective and safe. The sixth in a seven-part series on the', '', NULL, 0, '2008-07-22 11:43:46', 1, 84, 'related'),
(114, 'One thousand, two hundred eighteen dead. The lives of families devastated.', 'http://www.sfgate.com/lethalbeauty/', 'http://www.sfgate.com/lethalbeauty/', 'SFGate: Lethal Beauty', '', NULL, 0, '2008-07-22 11:43:46', 1, 85, 'related'),
(115, 'The structures were a block apart, but the Ellington bridge was the favorite of the suicide-prone. When a suicide barrier was installed on the Ellington bridge in 1986, suicides there stopped, and the rate of suicide at the Taft bridge did not increase. ', 'http://www.sfgate.com/cgi-bin/article.cgi', 'http://www.sfgate.com/cgi-bin/article.cgi', 'LETHAL BEAUTY / The Toronto example: How one city overcame bureaucracy. The fifth in a seven-part series on the Golden Gate Brid', '', NULL, 0, '2008-07-22 11:43:46', 1, 86, 'related'),
(116, 'In recent years, there had been close to 20 suicides there a year. Since the barrier was built, there have been none. ', 'http://www.sfgate.com/cgi-bin/article.cgi', 'http://www.sfgate.com/cgi-bin/article.cgi', 'LETHAL BEAUTY / The Toronto example: How one city overcame bureaucracy. The fifth in a seven-part series on the Golden Gate Brid', '', NULL, 0, '2008-07-22 11:43:46', 1, 87, 'related'),
(117, 'In 1964, Motto allied himself with San Francisco''s Suicide Prevention Center, and was invited by its members to argue their case before the bridge district''s security committee. ', 'http://www.sfgate.com/cgi-bin/article.cgi', 'http://www.sfgate.com/cgi-bin/article.cgi', 'LETHAL BEAUTY / The Advocate', '', NULL, 0, '2008-07-22 11:43:46', 1, 88, 'related'),
(118, 'No matter how light the suicide structure would be, he believes, it would create a tunnel effect for those looking down the roadway -- a "wall" that would close the view. ', 'http://www.sfgate.com/cgi-bin/article.cgi', 'http://www.sfgate.com/cgi-bin/article.cgi', 'LETHAL BEAUTY / The Critic', '', NULL, 0, '2008-07-22 11:43:46', 1, 89, 'related'),
(119, 'He has visited the Eiffel Tower and Empire State Building and finds their suicide barriers "oppressive."', 'http://www.sfgate.com/cgi-bin/article.cgi', 'http://www.sfgate.com/cgi-bin/article.cgi', 'LETHAL BEAUTY / The Critic', '', NULL, 0, '2008-07-22 11:43:46', 1, 90, 'related'),
(120, 'Suicide by bridge is gruesome, and death is almost certain. People have survived the fall, but not many. You might survive if you hit the water feet first and come in at a slight angle. ', 'http://www.sfgate.com/cgi-bin/article.cgi', 'http://www.sfgate.com/cgi-bin/article.cgi', 'LETHAL BEAUTY / No easy death: Suicide by bridge is gruesome, and death is almost certain. The fourth in a seven-part series on ', '', NULL, 0, '2008-07-22 11:43:46', 1, 91, 'related');
INSERT INTO `snippets` (`id`, `txt`, `url`, `url_real`, `pagetitle`, `title`, `author`, `source_id`, `created_at`, `user_id`, `point_id`, `howlinked`) VALUES 
(121, 'Which means you die one of two ways, or a combination of both. One, you hit the water and the impact kills you. Sometimes the jumper is knocked unconscious. Other times, the jumper survives for a time. The person can be seen flailing about in the water, trying to stay afloat, only to succumb to the extensive internal bleeding. Death can take seconds or minutes. Two, you drown. You hit the water going fast, and your body plunges in deep. Conscious or otherwise, you breathe in saltwater and asphyxiate. ', 'http://www.sfgate.com/cgi-bin/article.cgi', 'http://www.sfgate.com/cgi-bin/article.cgi', 'LETHAL BEAUTY / No easy death: Suicide by bridge is gruesome, and death is almost certain. The fourth in a seven-part series on ', '', NULL, 0, '2008-07-22 11:43:46', 1, 92, 'related'),
(122, 'For finding and retrieving bodies, time is of the essence. The sea reclaims bodies quickly. Fish eat them. Not just sharks, but little fish. They eat the eyes and other tender parts. As the body decays and opens up, all manner of sea creatures move in to feed. Eventually, the body comes apart. ', 'http://www.sfgate.com/cgi-bin/article.cgi', 'http://www.sfgate.com/cgi-bin/article.cgi', 'LETHAL BEAUTY / No easy death: Suicide by bridge is gruesome, and death is almost certain. The fourth in a seven-part series on ', '', NULL, 0, '2008-07-22 11:43:46', 1, 93, 'related'),
(123, '"I don''t know that a barrier would do much good," he said. "I think people will find other ways to kill themselves, and it might mean they do something that puts someone else in danger, like jumping off a building or intentionally driving their car into traffic." ', 'http://www.sfgate.com/cgi-bin/article.cgi', 'http://www.sfgate.com/cgi-bin/article.cgi', 'LETHAL BEAUTY / No easy death: Suicide by bridge is gruesome, and death is almost certain. The fourth in a seven-part series on ', '', NULL, 0, '2008-07-22 11:43:46', 1, 94, 'related'),
(124, 'One-thousand, two-hundred eighteen dead. The lives of families devastated. Sixty-eight years of debate about a suicide barrier.', 'http://www.sfgate.com/cgi-bin/article.cgi', 'http://www.sfgate.com/cgi-bin/article.cgi', 'Lethal Beauty / The Allure: Beauty and an easy route to death have long made the Golden Gate Bridge a magnet for suicides', '', NULL, 0, '2008-07-22 11:43:46', 1, 85, 'related'),
(125, 'nine out of 10 people prevented from jumping off the Golden Gate were still alive years later or had died of natural causes, despite the rationale that a barrier would prompt them only to "go somewhere else to end it."', 'http://www.canada.com/reginaleaderpost/news/story.html?id=b305d57c-745f-431c-b87f-d31a69e2494b', 'http://www.canada.com/reginaleaderpost/news/story.html?id=b305d57c-745f-431c-b87f-d31a69e2494b', 'A bridge too deadly?', '', NULL, 0, '2008-07-22 11:43:46', 1, 95, 'related'),
(126, 'Opponents of a fence are wary of altering the appearance of an iconic structure that many local residents refer to as"my bridge." But their reluctance challenges San Francisco''s progressive reputation. The bridge district this year found $25 million to install a movable median between two-way traffic on the bridge, where a total of five head-on collisions have claimed a single life since 1997.', 'http://www.canada.com/reginaleaderpost/news/story.html?id=b305d57c-745f-431c-b87f-d31a69e2494b', 'http://www.canada.com/reginaleaderpost/news/story.html?id=b305d57c-745f-431c-b87f-d31a69e2494b', 'A bridge too deadly?', '', NULL, 0, '2008-07-22 11:43:46', 1, 96, 'related'),
(127, 'The Golden Gate Bridge is the world''s No. 1 suicide magnet, in part because it makes suicide so easy. People jump and kill themselves there, an average of 19 a year. In the peak year, 1977, there were 40 suicides. Some dive not expecting obscurity or oblivion but a kind of grace -- a welcoming body of water that inducts the jumper into nature. ', 'http://www.sfgate.com/cgi-bin/article.cgi', 'http://www.sfgate.com/cgi-bin/article.cgi', 'Lethal Beauty / The Allure: Beauty and an easy route to death have long made the Golden Gate Bridge a magnet for suicides', '', NULL, 0, '2008-07-22 11:43:46', 1, 97, 'related'),
(128, 'Eighty-seven percent are Bay Area residents -- exploding the myth that people flock from around the world to die here. ', 'http://www.sfgate.com/cgi-bin/article.cgi', 'http://www.sfgate.com/cgi-bin/article.cgi', 'Lethal Beauty / The Allure: Beauty and an easy route to death have long made the Golden Gate Bridge a magnet for suicides', '', NULL, 0, '2008-07-22 11:43:46', 1, 98, 'related'),
(129, 'Three to 1, they''re men', 'http://www.sfgate.com/cgi-bin/article.cgi', 'http://www.sfgate.com/cgi-bin/article.cgi', 'Lethal Beauty / The Allure: Beauty and an easy route to death have long made the Golden Gate Bridge a magnet for suicides', '', NULL, 0, '2008-07-22 11:43:46', 1, 99, 'related'),
(130, 'In 1978 Seiden published a study of 515 people who were prevented from jumping off the bridge. He found that only 6 percent went on to kill themselves. ', 'http://www.sfgate.com/cgi-bin/article.cgi', 'http://www.sfgate.com/cgi-bin/article.cgi', 'Lethal Beauty / The Allure: Beauty and an easy route to death have long made the Golden Gate Bridge a magnet for suicides', '', NULL, 0, '2008-07-22 11:43:46', 1, 95, 'related'),
(131, 'For Eve Meyer, executive director of San Francisco Suicide Prevention and a passionate advocate for a suicide barrier, accessibility is the biggest factor in making the bridge a magnet for death. "It''s something you can accomplish relatively easily," she says, "and that''s what makes it so dangerous." ', 'http://www.sfgate.com/cgi-bin/article.cgi', 'http://www.sfgate.com/cgi-bin/article.cgi', 'Lethal Beauty / The Allure: Beauty and an easy route to death have long made the Golden Gate Bridge a magnet for suicides', '', NULL, 0, '2008-07-22 11:43:46', 1, 100, 'related'),
(132, 'In his original plans, chief engineer Joseph Strauss considered the bridge''s potential as a suicide site and designed railings 5 1/2 feet high. On May 7, 1936, a year before the opening of the bridge, Strauss boasted to the San Francisco Call-Bulletin that the bridge was "practically suicide-proof." ', 'http://www.sfgate.com/cgi-bin/article.cgi', 'http://www.sfgate.com/cgi-bin/article.cgi', 'Lethal Beauty / The Allure: Beauty and an easy route to death have long made the Golden Gate Bridge a magnet for suicides', '', NULL, 0, '2008-07-22 11:43:46', 1, 101, 'related'),
(133, 'You usually want to pass some information into the partial, e.g. a todo item to be displayed. There are three ways to achieve this. In order of complexity, they are: instance variables; passing a single object; and assigning local variables.', 'http://www.pointstorm.com/~gavin/partials-doc/classes/ActionView/Partials.html', 'http://www.pointstorm.com/~gavin/partials-doc/classes/ActionView/Partials.html', 'Module: ActionView::Partials', '', NULL, 0, '2008-07-22 11:43:46', 1, 102, 'related'),
(134, 'His proposal to withdraw U.S. combat forces over a 16-month period still faces serious questions, including from some of the commanders who might be asked to implement it if he is elected. ', 'http://www.washingtonpost.com/wp-dyn/content/article/2008/07/21/AR2008072102851.html', 'http://www.washingtonpost.com/wp-dyn/content/article/2008/07/21/AR2008072102851.html', 'Obama Makes War Gains - washingtonpost.com', '', NULL, 0, '2008-07-22 11:43:46', 1, 103, 'related'),
(135, 'Iraqi prime minister had seemingly all but endorsed Obama''s relatively rapid timeline for getting out. ', 'http://www.washingtonpost.com/wp-dyn/content/article/2008/07/21/AR2008072102851.html', 'http://www.washingtonpost.com/wp-dyn/content/article/2008/07/21/AR2008072102851.html', 'Obama Makes War Gains - washingtonpost.com', '', NULL, 0, '2008-07-22 11:43:46', 1, 104, 'related'),
(136, 'McCain, campaigning in Maine, was blistering in his criticism of Obama on Monday, saying that his rival has been "completely wrong" on Iraq, "has no military experience whatsoever" and arguing again that any withdrawal from Iraq must be based on conditions on the ground. ', 'http://www.washingtonpost.com/wp-dyn/content/article/2008/07/21/AR2008072102851.html', 'http://www.washingtonpost.com/wp-dyn/content/article/2008/07/21/AR2008072102851.html', 'Obama Makes War Gains - washingtonpost.com', '', NULL, 0, '2008-07-22 11:43:46', 1, 105, 'related'),
(137, 'The Republican''s campaign advisers noted that their candidate has also embraced a withdrawal timetable for Iraq. In a recent speech, he said his goal would be to remove all U.S. combat forces by the end of his first term as president. ', 'http://www.washingtonpost.com/wp-dyn/content/article/2008/07/21/AR2008072102851.html', 'http://www.washingtonpost.com/wp-dyn/content/article/2008/07/21/AR2008072102851.html', 'Obama Makes War Gains - washingtonpost.com', '', NULL, 0, '2008-07-22 11:43:46', 1, 106, 'related'),
(138, 'Despite seeing a huge rise in sales of its Macintosh computers recently, the Cupertino, Calif., company projected a drop in sales and profit growth in the current quarter. ', 'http://www.latimes.com/business/la-fi-apple22-2008jul22,0,6052157.story', 'http://www.latimes.com/business/la-fi-apple22-2008jul22,0,6052157.story', 'Apple stock tumbles despite jump in earnings - Los Angeles Times', '', NULL, 0, '2008-07-22 11:43:46', 1, 107, 'related'),
(139, 'Investors also fretted about the health of Chief Executive Steve Jobs, who looked gaunt during a public event last month.', 'http://www.latimes.com/business/la-fi-apple22-2008jul22,0,6052157.story', 'http://www.latimes.com/business/la-fi-apple22-2008jul22,0,6052157.story', 'Apple stock tumbles despite jump in earnings - Los Angeles Times', '', NULL, 0, '2008-07-22 11:43:46', 1, 108, 'related'),
(140, 'In 2004, the Apple co-founder said he had pancreatic cancer but, thanks to surgery, had recovered.', 'http://www.latimes.com/business/la-fi-apple22-2008jul22,0,6052157.story', 'http://www.latimes.com/business/la-fi-apple22-2008jul22,0,6052157.story', 'Apple stock tumbles despite jump in earnings - Los Angeles Times', '', NULL, 0, '2008-07-22 11:43:46', 1, 109, 'related'),
(141, 'tens of billions of dollars of market value rests on Steve''s remaining healthy and at the helm of Apple for many years', 'http://www.alleyinsider.com/2008/5/does_apple_s_steve_jobs_have_cancer_again_', 'http://www.alleyinsider.com/2008/5/does_apple_s_steve_jobs_have_cancer_again_', 'Does Apple''s Steve Jobs Have Cancer Again?*', '', NULL, 0, '2008-07-22 11:43:46', 1, 110, 'related'),
(142, 'Steve appeared dangerously thin', 'http://www.alleyinsider.com/2008/5/does_apple_s_steve_jobs_have_cancer_again_', 'http://www.alleyinsider.com/2008/5/does_apple_s_steve_jobs_have_cancer_again_', 'Does Apple''s Steve Jobs Have Cancer Again?*', '', NULL, 0, '2008-07-22 11:43:46', 1, 111, 'related'),
(143, 'Given that Steve did not believe that that cancer needed to be disclosed publicly until after the fact, however, it also seems possible that the weight loss could be an indication that Steve''s cancer has reappeared.', 'http://www.alleyinsider.com/2008/5/does_apple_s_steve_jobs_have_cancer_again_', 'http://www.alleyinsider.com/2008/5/does_apple_s_steve_jobs_have_cancer_again_', 'Does Apple''s Steve Jobs Have Cancer Again?*', '', NULL, 0, '2008-07-22 11:43:46', 1, 112, 'related'),
(144, 'Even if Steve is fine, which we hope he is, this episode should make it more obvious to Apple that the company needs to develop and articulate a clear succession and Steve Jobs-diversification plan.', 'http://www.alleyinsider.com/2008/5/apple_aapl_crushed_again_on_concerns_about_steve_jobs_health', 'http://www.alleyinsider.com/2008/5/apple_aapl_crushed_again_on_concerns_about_steve_jobs_health', 'Apple (AAPL) Weakness and Steve Jobs'' Scare Reveal Need For a Better Apple Plan', '', NULL, 0, '2008-07-22 11:43:46', 1, 113, 'related'),
(145, 'No matter how remote the possibility of Mr Jobs standing down might be, some investors would be happier if Mr Ive was named officially as the Apple CEOs successor to avoid future doubt.', 'http://apple20.blogs.fortune.cnn.com/2007/12/08/will-jonathan-ive-replace-apples-steve-jobs/', 'http://apple20.blogs.fortune.cnn.com/2007/12/08/will-jonathan-ive-replace-apples-steve-jobs/', 'FORTUNE: Apple 2.0 Will Jonathan Ive replace Apples Steve Jobs? ', '', NULL, 0, '2008-07-22 11:43:46', 1, 114, 'related'),
(146, 'It also cites "multiple sources" who''ve met Steve in recent weeks and are "troubled by his thin appearance."', 'http://www.alleyinsider.com/2008/7/steve-jobs-health-worries-won-t-go-away-time-for-a-succession-plan-aapl-', 'http://www.alleyinsider.com/2008/7/steve-jobs-health-worries-won-t-go-away-time-for-a-succession-plan-aapl-', 'Steve Jobs'' Health Worries Won''t Go Away. Time For A Succession Plan (AAPL)', '', NULL, 0, '2008-07-22 11:43:46', 1, 111, 'related'),
(147, 'Ive, 41, is probably the least likely of the leading contenders to take the job.', 'http://apple20.blogs.fortune.cnn.com/2008/06/24/after-steve-jobs-handicapping-apples-back-bench/', 'http://apple20.blogs.fortune.cnn.com/2008/06/24/after-steve-jobs-handicapping-apples-back-bench/', 'FORTUNE: Apple 2.0 After Steve Jobs: Handicapping Apples back bench ', '', NULL, 0, '2008-07-22 11:43:46', 1, 115, 'related'),
(148, 'Recent reports claim Apple''s Jonathan Ive (designer of the iMac) has purchased a mansion in the UK,', 'http://news.softpedia.com/news/Watchers-Claim-Apple-Needs-a-CEO-Succession-Plan-88435.shtml', 'http://news.softpedia.com/news/Watchers-Claim-Apple-Needs-a-CEO-Succession-Plan-88435.shtml', 'Watchers Claim Apple Needs a CEO Succession Plan - Rumors about Jobs health are raising questions as to who would best fit the C', '', NULL, 0, '2008-07-21 22:38:19', 1, 116, 'related'),
(149, 'Hagee believes an end-time narrative that requires Jews to relocate to Israel before Jesus returns and they convert to Christianity.', 'http://blog.washingtonpost.com/the-trail/2008/07/22/lieberman_appearance_at_hagee.html', 'http://blog.washingtonpost.com/the-trail/2008/07/22/lieberman_appearance_at_hagee.html', 'Lieberman Appearance at Hagee Conference Sparks Objections | The Trail | washingtonpost.com', '', NULL, 0, '2008-07-22 13:17:00', 1, 117, 'related'),
(150, 'Sen. Joe Lieberman, an independent from Connecticut, is scheduled to speak at the annual conference of Christians United for Israel, a group Hagee founded to gather evangelical Christian economic and political support for Israel.', 'http://blog.washingtonpost.com/the-trail/2008/07/22/lieberman_appearance_at_hagee.html', 'http://blog.washingtonpost.com/the-trail/2008/07/22/lieberman_appearance_at_hagee.html', 'Lieberman Appearance at Hagee Conference Sparks Objections | The Trail | washingtonpost.com', '', NULL, 0, '2008-07-22 13:17:30', 1, 117, 'related'),
(151, 'And God called the dry land Earth; and the gathering together of the waters called he Seas: and God saw that it was good. 11: And God said, Let the earth bring forth grass, t', 'http://mashmaker.intel-research.net/beth/', 'http://mashmaker.intel-research.net/beth/', 'testing', '', NULL, 0, '2008-07-23 10:50:51', 8, 2, 'related'),
(152, 'And God said, Let us make man in our image', 'http://mashmaker.intel-research.net/beth/', 'http://mashmaker.intel-research.net/beth/', 'testing', '', NULL, 0, '2008-07-23 11:02:31', 8, 1, 'related'),
(153, 'It was only a matter of time before the Scrabble-Scrabulous feud came to a head, and that breaking point has now been reached. Hasbro said today that it has filed suit in the Southern District of New York against Rajat Agarwalla, Jayant Agarwalla, and RJ Softwares, better known as the creators of the popular Facebook application Scrabulous. As part of the suit, Hasbro said that it has served Facebook with yet another take-down notice for the application due to copyright infringement. ', 'http://www.gamespot.com/news/6194976.html', 'http://www.gamespot.com/news/6194976.html', 'Scrabble-Scrabulous standoff spells L-A-W-S-U-I-T - News at GameSpot', '', NULL, 0, '2008-07-24 15:50:26', 1, 119, 'related'),
(154, 'The reason for the gamemaker''s sudden ire toward the application, which draws more than 500,000 daily average users, can be attributed to the launch of the official Scrabble online game through EA''s Pogo.com and Facebook this month. Currently, the official Scrabble Facebook application logs just under 20,000 users globally. ', 'http://www.gamespot.com/news/6194976.html', 'http://www.gamespot.com/news/6194976.html', 'Scrabble-Scrabulous standoff spells L-A-W-S-U-I-T - News at GameSpot', '', NULL, 0, '2008-07-24 15:52:38', 1, 120, 'related'),
(155, 'Git doesn''t allow a merge if you have uncommited changes, either your changes are irrelevant and you want to "git reset --hard", or they are, and you want to commit (and perhaps use "rebase"), or stash them. ', 'http://marc.info/', 'http://marc.info/', '''Re: fatal: Entry ''xxx'' not uptodate. Cannot merge.'' - MARC', '', NULL, 0, '2008-07-24 17:03:33', 1, 121, 'related'),
(156, 'Git doesn''t allow a merge if you have uncommited changes, either your changes are irrelevant and you want to "git reset --hard", or they are, and you want to commit (and perhaps use "rebase"), or stash them. ', 'http://marc.info/', 'http://marc.info/', '''Re: fatal: Entry ''xxx'' not uptodate. Cannot merge.'' - MARC', '', NULL, 0, '2008-07-24 17:03:51', 1, 121, 'related'),
(157, 'Git doesn''t allow a merge if you have uncommited changes, either your changes are irrelevant and you want to "git reset --hard", or they are, and you want to commit (and perhaps use "rebase"), or stash them. ', 'http://marc.info/', 'http://marc.info/', '''Re: fatal: Entry ''xxx'' not uptodate. Cannot merge.'' - MARC', '', NULL, 0, '2008-07-24 17:03:58', 1, 122, 'related'),
(158, 'Git doesn''t allow a merge if you have uncommited changes, either your changes are irrelevant and you want to "git reset --hard", or they are, and you want to commit (and perhaps use "rebase"), or stash them. ', 'http://marc.info/', 'http://marc.info/', '''Re: fatal: Entry ''xxx'' not uptodate. Cannot merge.'' - MARC', '', NULL, 0, '2008-07-24 17:05:02', 1, 122, 'related'),
(159, 'You can also use scripts from the mysql prompt by using the source command or \\. command', 'http://dev.mysql.com/doc/refman/5.0/en/batch-mode.html', 'http://dev.mysql.com/doc/refman/5.0/en/batch-mode.html', 'MySQL :: MySQL 5.0 Reference Manual :: 3.5 Using mysql in Batch Mode', '', NULL, 0, '2008-07-24 19:18:26', 1, 123, 'related'),
(160, 'Does Labour face defeat at the next general election - or obliteration? The result from Glasgow East early this morning was more than simply terrible for Gordon Brown: it raises the spectre of a parliamentary wipe-out from which his party would struggle to recover.', 'http://www.guardian.co.uk/politics/2008/jul/25/glasgoweast.byelections3', 'http://www.guardian.co.uk/politics/2008/jul/25/glasgoweast.byelections3', 'For Brown, prospect is loss of leadership - and his own seat | Politics | The Guardian', '', NULL, 0, '2008-07-24 19:24:17', 1, 124, 'related'),
(161, 'This was Labour''s third safest seat in Scotland and its 25th safest in Britain, yet it has been lost easily to the Scottish National party, which started the short campaign more than 13,000 votes behind. ', 'http://www.guardian.co.uk/politics/2008/jul/25/glasgoweast.byelections3', 'http://www.guardian.co.uk/politics/2008/jul/25/glasgoweast.byelections3', 'For Brown, prospect is loss of leadership - and his own seat | Politics | The Guardian', '', NULL, 0, '2008-07-24 19:24:52', 1, 125, 'related'),
(162, 'Every part of Britain has turned against the party. The opinion polls have been showing it for months. Last night brought the proof.', 'http://www.guardian.co.uk/politics/2008/jul/25/glasgoweast.byelections3', 'http://www.guardian.co.uk/politics/2008/jul/25/glasgoweast.byelections3', 'For Brown, prospect is loss of leadership - and his own seat | Politics | The Guardian', '', NULL, 0, '2008-07-24 19:26:58', 1, 126, 'related'),
(163, 'The result from Glasgow East early this morning was more than simply terrible for Gordon Brown: it raises the spectre of a parliamentary wipe-out from which his party would struggle to recover.', 'http://www.guardian.co.uk/politics/2008/jul/25/glasgoweast.byelections3', 'http://www.guardian.co.uk/politics/2008/jul/25/glasgoweast.byelections3', 'For Brown, prospect is loss of leadership - and his own seat | Politics | The Guardian', '', NULL, 0, '2008-07-24 19:27:38', 1, 127, 'related'),
(164, 'The quake, estimated at 5.4 magnitude (reduced from an initial estimate of 5.8), was centered 35 east of downtown Los Angeles in Chino Hills, just south of Pomona in San Bernardino county. It was felt as far east as Las Vegas and as far south as San Diego. ', 'http://www.nytimes.com/2008/07/30/us/30quake.html', 'http://www.nytimes.com/2008/07/30/us/30quake.html', 'Earthquake Rattles Southern California - NYTimes.com', '', NULL, 0, '2008-07-29 14:12:44', 1, 128, 'related'),
(165, 'There were no immediate reports of major injuries or structural damage.', 'http://www.nytimes.com/2008/07/30/us/30quake.html', 'http://www.nytimes.com/2008/07/30/us/30quake.html', 'Earthquake Rattles Southern California - NYTimes.com', '', NULL, 0, '2008-07-29 14:13:12', 1, 129, 'related'),
(166, 'Dogged by a series of corruption scandals, Israeli Prime Minister Ehud Olmert said on Wednesday he would resign once his ruling Kadima party chooses a new leader in a September election.', 'http://www.reuters.com/article/latestCrisis/idUSL0225065', 'http://www.reuters.com/article/latestCrisis/idUSL0225065', 'Excerpts of Olmert''s speech pledging to resign | Reuters', '', NULL, 0, '2008-07-30 14:43:06', 1, 130, 'related'),
(167, 'Ehud Olmert says he will step down as Israel''s prime minister immediately after his Kadima Party selects a new leader at a party convention on September 17.', 'http://www.voanews.com/english/2008-07-30-voa51.cfm', 'http://www.voanews.com/english/2008-07-30-voa51.cfm', 'VOA News - Olmert to Quit as Israeli PM in September', '', NULL, 0, '2008-07-30 14:44:09', 1, 130, 'related'),
(168, 'The earthquake, which registered a 5.4 magnitude, was centered near Chino Hills in San Bernardino County and was felt as far east as Las Vegas and south to San Diego.', 'http://www.nytimes.com/2008/07/30/us/30quake.html', 'http://www.nytimes.com/2008/07/30/us/30quake.html', 'Earthquake Rattles Southern California - NYTimes.com', '', NULL, 0, '2008-07-31 12:21:51', 1, 128, 'related'),
(169, 'Still, cellphone lines were jammed throughout the region as people frantically made calls in the immediate moments after the jolt.', 'http://www.nytimes.com/2008/07/30/us/30quake.html', 'http://www.nytimes.com/2008/07/30/us/30quake.html', 'Earthquake Rattles Southern California - NYTimes.com', '', NULL, 0, '2008-07-31 12:26:51', 1, 131, 'related'),
(170, 'the roughly 50 aftershocks by midafternoon, one of which registered at 3.8. The Los Angeles City Council, meeting downtown, adjourned briefly to regroup after the event. ', 'http://www.nytimes.com/2008/07/30/us/30quake.html', 'http://www.nytimes.com/2008/07/30/us/30quake.html', 'Earthquake Rattles Southern California - NYTimes.com', '', NULL, 0, '2008-07-31 12:53:57', 1, 132, 'related'),
(171, 'lights in the firmament of the h', 'http://mashmaker.intel-research.net/beth/', 'http://mashmaker.intel-research.net/beth/', 'testing', '', NULL, 0, '2008-07-31 16:40:07', 8, 2, 'related'),
(172, 'no evidence supports a claim that Obama is currently, or ever has been, a Muslim (radical or otherwise)', 'http://www.snopes.com/politics/obama/muslim.asp', 'http://www.snopes.com/politics/obama/muslim.asp', 'snopes.com: Who Is Barack Obama?', '', NULL, 0, '2008-08-01 18:03:58', 1, 133, 'related'),
(173, 'Barack Obama, 45, served as an Illinois state senator for several years,', 'http://www.snopes.com/politics/obama/muslim.asp', 'http://www.snopes.com/politics/obama/muslim.asp', 'snopes.com: Who Is Barack Obama?', '', NULL, 0, '2008-08-01 18:05:05', 1, 134, 'related'),
(174, 'Barack Hussein Obama was born in Honolulu, Hawaii, to Barack Hussein Obama, Sr., a black MUSLIM from Nyangoma-Kogel, Kenya and Ann Dunh am, a white ATHEIST from Wichita, Kansas. Obama''s parents met at the University of Hawaii. ', 'http://www.snopes.com/politics/obama/muslim.asp', 'http://www.snopes.com/politics/obama/muslim.asp', 'snopes.com: Who Is Barack Obama?', '', NULL, 0, '2008-08-01 18:06:21', 1, 135, 'related'),
(175, 'Barack Hussein Obama was born in Honolulu, Hawaii, to Barack Hussein Obama, Sr., a black MUSLIM from Nyangoma-Kogel, Kenya and Ann Dunh am, a white ATHEIST from Wichita, Kansas. Obama''s parents met at the University of Hawaii. ', 'http://www.snopes.com/politics/obama/muslim.asp', 'http://www.snopes.com/politics/obama/muslim.asp', 'snopes.com: Who Is Barack Obama?', '', NULL, 0, '2008-08-01 18:06:41', 1, 136, 'related'),
(176, 'In his 2006 book, The Audacity of Hope, Obama elaborated on his early schooling, explaining that he attended both Catholic and Muslim schools in Indonesia  not out of any particular religious affiliation, but because his mother wanted him to obtain the best education possible under the circumstances: ', 'http://www.snopes.com/politics/obama/muslim.asp', 'http://www.snopes.com/politics/obama/muslim.asp', 'snopes.com: Who Is Barack Obama?', '', NULL, 0, '2008-08-01 18:10:24', 1, 137, 'related'),
(177, 'Barack Obama''s parents divorced when he was only two years old, and his father then moved thousands of miles away, from Hawaii to Connecticut, so he couldn''t have received much of an "introduction to Islam" from his (biological) father: ', 'http://www.snopes.com/politics/obama/muslim.asp', 'http://www.snopes.com/politics/obama/muslim.asp', 'snopes.com: Who Is Barack Obama?', '', NULL, 0, '2008-08-01 18:12:30', 1, 138, 'related'),
(178, '"It''s not (an) Islamic school. It''s general," Winadijanto said. "There is a lot of Christians, Buddhists, also Confucian. ... So that''s a mixed school." ', 'http://www.snopes.com/politics/obama/muslim.asp', 'http://www.snopes.com/politics/obama/muslim.asp', 'snopes.com: Who Is Barack Obama?', '', NULL, 0, '2008-08-01 18:16:30', 1, 140, 'related'),
(179, 'Much has been said about the layers of attack in this ad, but the focus on Hilton & Spears (which Ruffini gives a ''triple'' rating) overshadows the ''issue-based'' attack over Obama meaning "New Taxes" and more "Foreign Oil" with the text of ''foreign'' next to Obama''s face. ', 'http://www.dailykos.com/storyonly/2008/8/1/12233/32515', 'http://www.dailykos.com/storyonly/2008/8/1/12233/32515', 'Daily Kos: State of the Nation', '', NULL, 0, '2008-08-01 18:21:06', 1, 141, 'related'),
(180, ' It''s true that a coal/gas tax would raise electric rates, but so would a cap-and-trade program to restrict carbon emissions. Cap-and-trade is an idea that both McCain and Obama support, in different forms. Neither candidate characterizes cap-and-trade as a "tax."', 'http://www.factcheck.org/elections-2008/obamas_celebrity_cred.html', 'http://www.factcheck.org/elections-2008/obamas_celebrity_cred.html', 'FactCheck.org: Obama''s Celebrity Cred', '', NULL, 0, '2008-08-01 18:22:26', 1, 142, 'related'),
(181, 'We asked the McCain campaign if it had any other information on which to base this "taxes on electricity" claim, and we received no response. We looked, but could find no instance of Obama making mention of a tax on electricity or any other reference to a "dirty energy" tax. In any case, no such policy proposals are currently part of his public platform.', 'http://www.factcheck.org/elections-2008/obamas_celebrity_cred.html', 'http://www.factcheck.org/elections-2008/obamas_celebrity_cred.html', 'FactCheck.org: Obama''s Celebrity Cred', '', NULL, 0, '2008-08-01 18:25:08', 1, 143, 'related'),
(182, 'The McCain campaign sent reporters a set of "ad facts" to accompany the new spot. But the campaign''s sole source for its charge that Obama wants to raise taxes on electricity is a short Feb. 19 interview that Obama gave to Carlos Guerra, a reporter with the San Antonio Express-News. Obama does in fact say, "What we ought to tax is dirty energy, like coal and, to a lesser extent, natural gas." But that quote is out of context. Obama and Guerra are discussing possible ways to fund education. Here''s the pertinent passage, in full:', 'http://www.factcheck.org/elections-2008/obamas_celebrity_cred.html', 'http://www.factcheck.org/elections-2008/obamas_celebrity_cred.html', 'FactCheck.org: Obama''s Celebrity Cred', '', NULL, 0, '2008-08-01 18:26:51', 1, 143, 'related'),
(183, 'In 1995, State Senator Alice Palmer introduced her chosen successor, Barack Obama, to a few of the districts influential liberals at the home of two well known figures on the local left: William Ayers and Bernardine Dohrn. While Ayers and Dohrn may be thought of in Hyde Park as local activists, theyre better known nationally as two of the most notorious  and unrepentant  figures from the violent fringe of the 1960s anti-war movement. ', 'http://www.politico.com/news/stories/0208/8630.html', 'http://www.politico.com/news/stories/0208/8630.html', 'Obama once visited ''60s radicals - Ben Smith - Politico.com', '', NULL, 0, '2008-08-01 18:30:31', 1, 144, 'related'),
(184, 'Dr. Young described Obama and Ayers as friends,', 'http://www.politico.com/news/stories/0208/8630.html', 'http://www.politico.com/news/stories/0208/8630.html', 'Obama once visited ''60s radicals - Ben Smith - Politico.com', '', NULL, 0, '2008-08-01 18:32:03', 1, 145, 'related'),
(185, 'but theres no evidence their relationship is more than the casual friendship of two men who occupy overlapping Chicago political circles and who served together on the board of a Chicago foundation.', 'http://www.politico.com/news/stories/0208/8630.html', 'http://www.politico.com/news/stories/0208/8630.html', 'Obama once visited ''60s radicals - Ben Smith - Politico.com', '', NULL, 0, '2008-08-01 18:32:22', 1, 146, 'related'),
(186, 'Hillary Rodham Clinton, for instance, interned at a radical San Francisco law firm while in law school. ', 'http://www.politico.com/news/stories/0208/8630.html', 'http://www.politico.com/news/stories/0208/8630.html', 'Obama once visited ''60s radicals - Ben Smith - Politico.com', '', NULL, 0, '2008-08-01 18:33:25', 1, 147, 'related'),
(187, 'Part of the leadership of the Weather Underground, Dohrn was considered the organizations figurehead.', 'http://www.pbs.org/independentlens/weatherunderground/today.html', 'http://www.pbs.org/independentlens/weatherunderground/today.html', 'Independent Lens . THE WEATHER UNDERGROUND . The Weathermen Today | PBS', '', NULL, 0, '2008-08-01 18:41:19', 1, 148, 'related'),
(188, 'Today, Dohrn is an associate professor and director at Northwestern University''s Children and Justice Center. ', 'http://www.pbs.org/independentlens/weatherunderground/today.html', 'http://www.pbs.org/independentlens/weatherunderground/today.html', 'Independent Lens . THE WEATHER UNDERGROUND . The Weathermen Today | PBS', '', NULL, 0, '2008-08-01 18:42:02', 1, 149, 'related'),
(189, 'Bill Ayers A central figure in the Weathermen, Ayers lived underground for ten years, an experience he wrote about in his memoir, Fugitive Days. ', 'http://www.pbs.org/independentlens/weatherunderground/today.html', 'http://www.pbs.org/independentlens/weatherunderground/today.html', 'Independent Lens . THE WEATHER UNDERGROUND . The Weathermen Today | PBS', '', NULL, 0, '2008-08-01 18:42:54', 1, 150, 'related'),
(190, 'Learn more about the former Weathermen featured in THE WEATHER UNDERGROUND, and find out what theyre doing now. ', 'http://www.pbs.org/independentlens/weatherunderground/today.html', 'http://www.pbs.org/independentlens/weatherunderground/today.html', 'Independent Lens . THE WEATHER UNDERGROUND . The Weathermen Today | PBS', '', NULL, 0, '2008-08-01 18:46:08', 1, 151, 'related'),
(191, 'What a coincidence. Remember when Obama lied about his uncle liberating Auschwitz? Never mind the ignobility of the ignorance underlying the lie; both Juanita at our blog, and Larry Johnson at Noquarter, questioned the very existance of any such uncle. At the time, the Obama goons clarified that the One had mispoken (where were all the Bosnia journalists?) because the camp in question was Buchenwald, and the uncle was Obamas great-uncle. Larry at Noquarter did some digging and found it implossible that any such Obama relation could have been at Buchenwald, since the only great-uncle in Obamas possession supposedly enlisted in the US. Navy.', 'http://www.stop-obama.org/', 'http://www.stop-obama.org/', 'Stop-Obama  Obama To Jews. About that Uncle', '', NULL, 0, '2008-08-01 18:59:27', 1, 152, 'related'),
(192, 'The only political force to liberate actual victims of death-extermination camps, were the Soviets - about 80% of the entire Nazi camp system (including labor, concentration, and extermination). While it is historically accurate that Canadians, Americans, and the British came upon labor and concentration camps, these were mostly in Germany proper, where Germans exploited an assortment of nationalities as slave labor for purposes of building a greater Germany.', 'http://www.stop-obama.org/', 'http://www.stop-obama.org/', 'Stop-Obama  Obama To Jews. About that Uncle', '', NULL, 0, '2008-08-01 19:01:41', 1, 153, 'related'),
(193, 'That''s when Hillary Clinton blasted Obama for having represented "your contributor, Rezko, in his slum landlord business in inner-city Chicago."', 'http://www.suntimes.com/news/watchdogs/757340,CST-NWS-watchdog24.article', 'http://www.suntimes.com/news/watchdogs/757340,CST-NWS-watchdog24.article', '8 things you need to know about Obama, Rezko :: CHICAGO SUN-TIMES :: The Watchdogs', '', NULL, 0, '2008-08-01 19:06:53', 1, 154, 'related'),
(194, 'Among his earliest supporters: Rezko. Two Rezko companies donated a total of $2,000.', 'http://www.suntimes.com/news/watchdogs/757340,CST-NWS-watchdog24.article', 'http://www.suntimes.com/news/watchdogs/757340,CST-NWS-watchdog24.article', '8 things you need to know about Obama, Rezko :: CHICAGO SUN-TIMES :: The Watchdogs', '', NULL, 0, '2008-08-01 19:07:48', 1, 155, 'related'),
(195, 'Obama was elected in 1996 -- representing a district that included 11 of Rezko''s 30 low-income housing projects.', 'http://www.suntimes.com/news/watchdogs/757340,CST-NWS-watchdog24.article', 'http://www.suntimes.com/news/watchdogs/757340,CST-NWS-watchdog24.article', '8 things you need to know about Obama, Rezko :: CHICAGO SUN-TIMES :: The Watchdogs', '', NULL, 0, '2008-08-01 19:08:37', 1, 156, 'related'),
(196, '6. In 2003, Obama announced he was running for the U.S. Senate, and Rezko -- a member of his campaign finance committee -- held a lavish fund-raiser June 27, 2003, at his Wilmette mansion.', 'http://www.suntimes.com/news/watchdogs/757340,CST-NWS-watchdog24.article', 'http://www.suntimes.com/news/watchdogs/757340,CST-NWS-watchdog24.article', '8 things you need to know about Obama, Rezko :: CHICAGO SUN-TIMES :: The Watchdogs', '', NULL, 0, '2008-08-01 19:09:03', 1, 155, 'related'),
(197, 'Rezko -- a member of his campaign finance committee', 'http://www.suntimes.com/news/watchdogs/757340,CST-NWS-watchdog24.article', 'http://www.suntimes.com/news/watchdogs/757340,CST-NWS-watchdog24.article', '8 things you need to know about Obama, Rezko :: CHICAGO SUN-TIMES :: The Watchdogs', '', NULL, 0, '2008-08-01 19:09:40', 1, 157, 'related'),
(198, 'Rezko was indicted on charges he solicited kickbacks from companies seeking state pension business under his friend Gov. Blagojevich.', 'http://www.suntimes.com/news/watchdogs/757340,CST-NWS-watchdog24.article', 'http://www.suntimes.com/news/watchdogs/757340,CST-NWS-watchdog24.article', '8 things you need to know about Obama, Rezko :: CHICAGO SUN-TIMES :: The Watchdogs', '', NULL, 0, '2008-08-01 19:12:48', 1, 158, 'related'),
(199, 'Obama was a student at Harvard Law School and got an unsolicited job offer from Rezko, then a low-income housing developer in Chicago. Obama turned it down.', 'http://www.suntimes.com/news/watchdogs/757340,CST-NWS-watchdog24.article', 'http://www.suntimes.com/news/watchdogs/757340,CST-NWS-watchdog24.article', '8 things you need to know about Obama, Rezko :: CHICAGO SUN-TIMES :: The Watchdogs', '', NULL, 0, '2008-08-01 19:19:34', 1, 159, 'related'),
(200, 'Barack Obama, the junior U. S. Senator from Illinois, is the first ever AfricanAmerican to become the presumptive presidential nominee for a U. S. major political party.', 'http://www.biography.com/featured-biography/barack-obama/index.jsp', 'http://www.biography.com/featured-biography/barack-obama/index.jsp', 'Barack Obama Featured Biography', '', NULL, 0, '2008-08-01 19:21:14', 1, 160, 'related'),
(201, 'Barack Hussein Obama was born Aug. 4, 1961, in Honolulu, Hawaii.', 'http://www.biography.com/featured-biography/barack-obama/index.jsp', 'http://www.biography.com/featured-biography/barack-obama/index.jsp', 'Barack Obama Featured Biography', '', NULL, 0, '2008-08-01 19:22:39', 1, 135, 'related'),
(202, 'His father, Barack Obama, Sr., was born of Luo ethnicity in Nyanza Province, Kenya.', 'http://www.biography.com/featured-biography/barack-obama/index.jsp', 'http://www.biography.com/featured-biography/barack-obama/index.jsp', 'Barack Obama Featured Biography', '', NULL, 0, '2008-08-01 19:23:54', 1, 161, 'related'),
(203, 'Although reared among Muslims, Obama, Sr., became an atheist at some point.', 'http://www.biography.com/featured-biography/barack-obama/index.jsp', 'http://www.biography.com/featured-biography/barack-obama/index.jsp', 'Barack Obama Featured Biography', '', NULL, 0, '2008-08-01 19:24:49', 1, 162, 'related'),
(204, 'Obamas mother, Ann Dunham, grew up in Wichita, Kansas.', 'http://www.biography.com/featured-biography/barack-obama/index.jsp', 'http://www.biography.com/featured-biography/barack-obama/index.jsp', 'Barack Obama Featured Biography', '', NULL, 0, '2008-08-01 19:25:08', 1, 163, 'related'),
(205, 'Obamas parents separated when he was two years old and later divorced. ', 'http://www.biography.com/featured-biography/barack-obama/index.jsp', 'http://www.biography.com/featured-biography/barack-obama/index.jsp', 'Barack Obama Featured Biography', '', NULL, 0, '2008-08-01 19:26:11', 1, 138, 'related'),
(206, 'Obamas father went to Harvard to pursue Ph. D. studies and then returned to Kenya.', 'http://www.biography.com/featured-biography/barack-obama/index.jsp', 'http://www.biography.com/featured-biography/barack-obama/index.jsp', 'Barack Obama Featured Biography', '', NULL, 0, '2008-08-01 19:26:28', 1, 164, 'related'),
(207, 'Obama attended schools in Jakarta, where classes were taught in the Indonesian language.', 'http://www.biography.com/featured-biography/barack-obama/index.jsp', 'http://www.biography.com/featured-biography/barack-obama/index.jsp', 'Barack Obama Featured Biography', '', NULL, 0, '2008-08-01 19:27:09', 1, 165, 'related'),
(208, 'commonly known throughout his early years as "Barry"', 'http://www.biography.com/featured-biography/barack-obama/index.jsp', 'http://www.biography.com/featured-biography/barack-obama/index.jsp', 'Barack Obama Featured Biography', '', NULL, 0, '2008-08-01 19:27:49', 1, 166, 'related'),
(209, 'He saw his biological father (who died in a 1982 car accident) only once (in 1971) after his parents divorced.', 'http://www.biography.com/featured-biography/barack-obama/index.jsp', 'http://www.biography.com/featured-biography/barack-obama/index.jsp', 'Barack Obama Featured Biography', '', NULL, 0, '2008-08-01 19:28:40', 1, 167, 'related'),
(210, 'he admitted using alcohol, marijuana and cocaine during his teenage years', 'http://www.biography.com/featured-biography/barack-obama/index.jsp', 'http://www.biography.com/featured-biography/barack-obama/index.jsp', 'Barack Obama Featured Biography', '', NULL, 0, '2008-08-01 19:29:14', 1, 73, 'related'),
(211, 'He then transferred to Columbia University in New York, graduating in 1983 with a degree in political science.', 'http://www.biography.com/featured-biography/barack-obama/index.jsp', 'http://www.biography.com/featured-biography/barack-obama/index.jsp', 'Barack Obama Featured Biography', '', NULL, 0, '2008-08-01 19:29:42', 1, 168, 'related'),
(212, 'There, he worked as a community organizer with low-income residents in Chicagos Roseland community and the Altgeld Gardens public housing development on the citys South Side.', 'http://www.biography.com/featured-biography/barack-obama/index.jsp', 'http://www.biography.com/featured-biography/barack-obama/index.jsp', 'Barack Obama Featured Biography', '', NULL, 0, '2008-08-01 19:30:59', 1, 169, 'related'),
(213, 'In February 1990, he was elected the first AfricanAmerican editor of the Harvard Law Review', 'http://www.biography.com/featured-biography/barack-obama/bio2.jsp', 'http://www.biography.com/featured-biography/barack-obama/bio2.jsp', 'Barack Obama Featured Biography', '', NULL, 0, '2008-08-01 19:31:41', 1, 170, 'related'),
(214, 'He also taught at the University of Chicago Law School.', 'http://www.biography.com/featured-biography/barack-obama/bio2.jsp', 'http://www.biography.com/featured-biography/barack-obama/bio2.jsp', 'Barack Obama Featured Biography', '', NULL, 0, '2008-08-01 19:32:10', 1, 171, 'related'),
(215, 'Obama published an autobiography in 1995 Dreams From My Father: A Story of Race and Inheritance. And he won a Grammy for the audio version of the book.', 'http://www.biography.com/featured-biography/barack-obama/bio2.jsp', 'http://www.biography.com/featured-biography/barack-obama/bio2.jsp', 'Barack Obama Featured Biography', '', NULL, 0, '2008-08-01 19:32:51', 1, 172, 'related'),
(216, 'He was elected in 1996 from the south side neighborhood of Hyde Park.', 'http://www.biography.com/featured-biography/barack-obama/bio2.jsp', 'http://www.biography.com/featured-biography/barack-obama/bio2.jsp', 'Barack Obama Featured Biography', '', NULL, 0, '2008-08-01 19:33:39', 1, 173, 'related'),
(217, 'In 2000, Obama made an unsuccessful Democratic primary run for the U. S. House of Representatives seat held by four-term incumbent candidate Bobby Rush.', 'http://www.biography.com/featured-biography/barack-obama/bio2.jsp', 'http://www.biography.com/featured-biography/barack-obama/bio2.jsp', 'Barack Obama Featured Biography', '', NULL, 0, '2008-08-01 19:34:24', 1, 174, 'related'),
(218, 'Following the 9/11 attacks, Obama was an early opponent of President George W. Bushs push to war with Iraq. Obama was still a state senator when he spoke against a resolution authorizing the use of force against Iraq during a rally at Chicagos Federal Plaza in October 2002.', 'http://www.biography.com/featured-biography/barack-obama/bio2.jsp', 'http://www.biography.com/featured-biography/barack-obama/bio2.jsp', 'Barack Obama Featured Biography', '', NULL, 0, '2008-08-01 19:34:49', 1, 175, 'related'),
(219, '"I know that even a successful war against Iraq will require a U. S. occupation of undetermined length, at undetermined cost, with undetermined consequences," ', 'http://www.biography.com/featured-biography/barack-obama/bio2.jsp', 'http://www.biography.com/featured-biography/barack-obama/bio2.jsp', 'Barack Obama Featured Biography', '', NULL, 0, '2008-08-01 19:35:46', 1, 176, 'related'),
(220, 'The war with Iraq began in 2003 and Obama decided to run for the U.S. Senate open seat vacated by Republican Peter Fitzgerald. In the 2004 Democratic primary, he won 52 percent of the vote, defeating multimillionaire businessman Blair Hull and Illinois Comptroller Daniel Hynes.', 'http://www.biography.com/featured-biography/barack-obama/bio3.jsp', 'http://www.biography.com/featured-biography/barack-obama/bio3.jsp', 'Barack Obama Featured Biography', '', NULL, 0, '2008-08-01 19:37:17', 1, 177, 'related'),
(221, 'That summer, he was invited to deliver the keynote speech in support of John Kerry at the 2004 Democratic National Convention in Boston.', 'http://www.biography.com/featured-biography/barack-obama/bio3.jsp', 'http://www.biography.com/featured-biography/barack-obama/bio3.jsp', 'Barack Obama Featured Biography', '', NULL, 0, '2008-08-01 19:38:02', 1, 178, 'related'),
(222, 'In the November 2004 general election, Obama received 70% of the vote to Keyes''s 27%, the largest electoral victory in Illinois history', 'http://www.biography.com/featured-biography/barack-obama/bio3.jsp', 'http://www.biography.com/featured-biography/barack-obama/bio3.jsp', 'Barack Obama Featured Biography', '', NULL, 0, '2008-08-01 19:40:11', 1, 179, 'related'),
(223, 'Obama became only the third African American elected to the U.S. Senate since Reconstruction.', 'http://www.biography.com/featured-biography/barack-obama/bio3.jsp', 'http://www.biography.com/featured-biography/barack-obama/bio3.jsp', 'Barack Obama Featured Biography', '', NULL, 0, '2008-08-01 19:40:36', 1, 180, 'related'),
(224, 'Sworn into office January 4, 2005, Obama partnered with Republican Sen. Richard Lugar of Indiana on a bill that expanded efforts to destroy weapons of mass destruction in Eastern Europe and Russia. Then with Republican Sen. Tom Corburn of Oklahoma, he created a website that tracks all federal spending. ', 'http://www.biography.com/featured-biography/barack-obama/bio3.jsp', 'http://www.biography.com/featured-biography/barack-obama/bio3.jsp', 'Barack Obama Featured Biography', '', NULL, 0, '2008-08-01 19:42:41', 1, 181, 'related'),
(225, 'Obama was also the first to raise the threat of avian flu on the Senate floor', 'http://www.biography.com/featured-biography/barack-obama/bio3.jsp', 'http://www.biography.com/featured-biography/barack-obama/bio3.jsp', 'Barack Obama Featured Biography', '', NULL, 0, '2008-08-01 19:43:14', 1, 182, 'related'),
(226, 'live in Kenwood on Chicago''s South Side', 'http://www.biography.com/featured-biography/barack-obama/bio3.jsp', 'http://www.biography.com/featured-biography/barack-obama/bio3.jsp', 'Barack Obama Featured Biography', '', NULL, 0, '2008-08-01 19:44:09', 1, 183, 'related'),
(227, 'When television''s Inside Edition ran a segment on this issue, they included some images (supplied by the Obama campaign) of the senator standing with his hand over his heart during other playings of the national anthem: ', 'http://www.snopes.com/politics/obama/anthem.asp', 'http://www.snopes.com/politics/obama/anthem.asp', 'snopes.com: Barack Obama and the National Anthem', '', NULL, 0, '2008-08-01 19:47:17', 1, 184, 'related'),
(228, 'he following video clips show Barack Obama reciting the Pledge during the opening of Senate sessions', 'http://www.snopes.com/politics/obama/anthem.asp', 'http://www.snopes.com/politics/obama/anthem.asp', 'snopes.com: Barack Obama and the National Anthem', '', NULL, 0, '2008-08-01 19:48:02', 1, 185, 'related'),
(229, 'Senator Obama directly refuted the three primary rumors about him that are circulating via e-mail: that he is a Muslim, that he was sworn in to Congress on the Quran, and that he refuses to say the Pledge of Allegiance', 'http://www.snopes.com/politics/obama/anthem.asp', 'http://www.snopes.com/politics/obama/anthem.asp', 'snopes.com: Barack Obama and the National Anthem', '', NULL, 0, '2008-08-01 19:48:22', 1, 185, 'related'),
(230, 'Senator Obama directly refuted the three primary rumors about him that are circulating via e-mail: that he is a Muslim, that he was sworn in to Congress on the Quran, and that he refuses to say the Pledge of Allegiance: ', 'http://www.snopes.com/politics/obama/anthem.asp', 'http://www.snopes.com/politics/obama/anthem.asp', 'snopes.com: Barack Obama and the National Anthem', '', NULL, 0, '2008-08-01 19:48:35', 1, 133, 'related'),
(231, 'Senator Obama directly refuted the three primary rumors about him that are circulating via e-mail: that he is a Muslim, that he was sworn in to Congress on the Quran, and that he refuses to say the Pledge of Allegiance:', 'http://www.snopes.com/politics/obama/anthem.asp', 'http://www.snopes.com/politics/obama/anthem.asp', 'snopes.com: Barack Obama and the National Anthem', '', NULL, 0, '2008-08-01 19:49:02', 1, 186, 'related'),
(232, ' During the Democratic candidates'' debate on 15 January 2008, Senator Obama directly refuted the three primary rumors about him that are circulating via e-mail: that he is a Muslim, that he was sworn in to Congress on the Quran, and that he refuses to say the Pledge of Allegiance:', 'http://www.snopes.com/politics/obama/anthem.asp', 'http://www.snopes.com/politics/obama/anthem.asp', 'snopes.com: Barack Obama and the National Anthem', '', NULL, 0, '2008-08-01 19:50:18', 1, 187, 'related'),
(233, 'Democratic presidential candidate Barack Obama said on Friday he would back limited offshore drilling as part of a broader energy package that attempted to bring down gas prices and reduce U.S. dependence on foreign oil.', 'http://www.reuters.com/article/vcCandidateFeed2/idUSN0140632620080802', 'http://www.reuters.com/article/vcCandidateFeed2/idUSN0140632620080802', 'Obama says would consider limited offshore drilling | Reuters', '', NULL, 0, '2008-08-01 19:51:25', 1, 188, 'related'),
(234, 'In a statement, Obama said he remained skeptical of the value of expanded offshore drilling in fighting rising gas prices. He has said he prefers oil companies to use the land already available.', 'http://www.reuters.com/article/vcCandidateFeed2/idUSN0140632620080802', 'http://www.reuters.com/article/vcCandidateFeed2/idUSN0140632620080802', 'Obama says would consider limited offshore drilling | Reuters', '', NULL, 0, '2008-08-01 19:52:14', 1, 189, 'related');
INSERT INTO `snippets` (`id`, `txt`, `url`, `url_real`, `pagetitle`, `title`, `author`, `source_id`, `created_at`, `user_id`, `point_id`, `howlinked`) VALUES 
(235, 'Obama dropped his blanket opposition to any expansion of offshore drilling and signaled support for a bipartisan compromise in Congress aimed at breaking a deadlock on energy that includes limited drilling.', 'http://www.reuters.com/article/vcCandidateFeed2/idUSN0140632620080802', 'http://www.reuters.com/article/vcCandidateFeed2/idUSN0140632620080802', 'Obama says would consider limited offshore drilling | Reuters', '', NULL, 0, '2008-08-01 19:52:31', 1, 190, 'related'),
(236, 'The Federal Highway Administration reported in 2006 that one quarter of the nation''s bridges were at risk. The American Society for Civil Engineers said in 2006 that it would cost nearly $10 billion every year for the next two decades to fix them.', 'http://www.cnn.com/2008/US/08/01/kaye.crumbling.infrastructure/index.html', 'http://www.cnn.com/2008/US/08/01/kaye.crumbling.infrastructure/index.html', 'Nation''s bridges, roads still ''structurally deficient'' - CNN.com', '', NULL, 0, '2008-08-01 19:55:28', 1, 192, 'related'),
(237, 'But the funds used to repair and maintain the country''s bridges and highways are drying up. Some of the money comes from the Highway Trust Fund, which Americans pay for through taxes on gasoline. Faced with higher gas prices, more commuters are carpooling, taking mass transit or driving less, about 4 percent less in May alone compared with a year ago', 'http://www.cnn.com/2008/US/08/01/kaye.crumbling.infrastructure/index.html', 'http://www.cnn.com/2008/US/08/01/kaye.crumbling.infrastructure/index.html', 'Nation''s bridges, roads still ''structurally deficient'' - CNN.com', '', NULL, 0, '2008-08-01 19:56:31', 1, 193, 'related'),
(238, 'nearly every state is facing a budget crisis and doesn''t have the money to solve problems.', 'http://www.cnn.com/2008/US/08/01/kaye.crumbling.infrastructure/index.html', 'http://www.cnn.com/2008/US/08/01/kaye.crumbling.infrastructure/index.html', 'Nation''s bridges, roads still ''structurally deficient'' - CNN.com', '', NULL, 0, '2008-08-01 19:56:54', 1, 194, 'related'),
(239, 'Even after the Minneapolis bridge collapse, not all the bridges in the state are structurally safe. In fact, on July 26, chunks of concrete weighing about 1,200 pounds fell from an overpass in St. Paul, just a few miles from the Minneapolis scene.', 'http://www.cnn.com/2008/US/08/01/kaye.crumbling.infrastructure/index.html', 'http://www.cnn.com/2008/US/08/01/kaye.crumbling.infrastructure/index.html', 'Nation''s bridges, roads still ''structurally deficient'' - CNN.com', '', NULL, 0, '2008-08-01 19:58:03', 1, 195, 'related'),
(240, 'Signs of vast quantities of underground ice in the polar regions were first spotted from orbit by the Mars Odyssey spacecraft in 2002.', 'http://www.nytimes.com/2008/08/01/science/space/01mars.html', 'http://www.nytimes.com/2008/08/01/science/space/01mars.html', 'Test of Mars Soil Sample Confirms Presence of Ice - NYTimes.com', '', NULL, 0, '2008-08-01 20:02:00', 1, 196, 'related'),
(241, 'Heated to 32 degrees Fahrenheit, a sample of soil being analyzed by NASAs Phoenix Mars lander let out a puff of vapor, providing final confirmation that the lander is sitting over a large chunk of ice.', 'http://www.nytimes.com/2008/08/01/science/space/01mars.html', 'http://www.nytimes.com/2008/08/01/science/space/01mars.html', 'Test of Mars Soil Sample Confirms Presence of Ice - NYTimes.com', '', NULL, 0, '2008-08-01 20:02:25', 1, 197, 'related'),
(242, 'Weatherman, known colloquially as the Weathermen and later the Weather Underground Organization', 'http://en.wikipedia.org/wiki/Weatherman_(organization)', 'http://en.wikipedia.org/wiki/Weatherman_(organization)', 'Weatherman (organization) - Wikipedia, the free encyclopedia', '', NULL, 0, '2008-08-01 20:06:16', 1, 198, 'related'),
(243, 'The group, which organized a riot in Chicago in 1969 and bombed buildings in the 1970s, was founded in 1969 by leaders and members who split from the Students for a Democratic Society (SDS).', 'http://en.wikipedia.org/w/index.php?oldid=227185368', 'http://en.wikipedia.org/w/index.php?oldid=227185368', 'Weatherman (organization) - Wikipedia, the free encyclopedia', '', NULL, 0, '2008-08-01 20:06:46', 1, 199, 'related'),
(244, 'Their founding document called for the establishment of a "white fighting force" to be allied with the "Black Liberation Movement" and other "anti-colonial" movements[1] to achieve "the destruction of US imperialism and the achievement of a classless world: world communism."[2]', 'http://en.wikipedia.org/wiki/Weatherman_(organization)', 'http://en.wikipedia.org/wiki/Weatherman_(organization)', 'Weatherman (organization) - Wikipedia, the free encyclopedia', '', NULL, 0, '2008-08-01 20:07:59', 1, 200, 'related'),
(245, 'Their attacks were mostly bombings of government buildings, along with several banks, police department headquarters and precincts, state and federal courthouses, and state prison administrative offices', 'http://en.wikipedia.org/w/index.php?oldid=227185368', 'http://en.wikipedia.org/w/index.php?oldid=227185368', 'Weatherman (organization) - Wikipedia, the free encyclopedia', '', NULL, 0, '2008-08-01 20:08:55', 1, 201, 'related'),
(246, 'Apart from an apparently accidental premature detonation of a bomb in the Greenwich Village townhouse explosion which claimed the lives of three of their own members, no one was ever harmed in their extensive bombing campaign, as they were always careful to issue warnings in advance to ensure a safe evacuation of the area prior to detonation.', 'http://en.wikipedia.org/w/index.php?oldid=227185368', 'http://en.wikipedia.org/w/index.php?oldid=227185368', 'Weatherman (organization) - Wikipedia, the free encyclopedia', '', NULL, 0, '2008-08-01 20:10:27', 1, 202, 'related'),
(247, 'behold, it was very good.', 'http://mashmaker.intel-research.net/beth/', 'http://mashmaker.intel-research.net/beth/', 'testing', '', NULL, 0, '2008-08-05 09:37:51', 8, 1, 'related'),
(248, 'the economy is becoming the defining issue for more Americans as they size up the candidates, a poll released Wednesday shows', 'http://money.cnn.com/2008/08/06/news/economy/election_poll/index.htm', 'http://money.cnn.com/2008/08/06/news/economy/election_poll/index.htm', 'Economy weighs on voters'' minds - Aug. 6, 2008', '', NULL, 0, '2008-08-06 13:20:45', 8, 203, 'related'),
(249, '"I don''t think it''s his lineage, nor do I think it''s his policies. I think it''s the fact that he''s young and relatively inexperienced," CNN senior political analyst Bill Schneider said.', 'http://www.cnn.com/2008/POLITICS/08/06/obama.polls/index.html', 'http://www.cnn.com/2008/POLITICS/08/06/obama.polls/index.html', 'Obama squeaks by McCain in polls - CNN.com', '', NULL, 0, '2008-08-06 13:24:22', 8, 204, 'related'),
(250, 'McCain criticized Obama for not fully embracing nuclear power as part of a comprehensive energy solution.', 'http://news.yahoo.com/s/ap/20080806/ap_on_el_pr/obama_32;_ylt=Ag.652gwHx7cgWhdoXEl9nOtOrgF', 'http://news.yahoo.com/s/ap/20080806/ap_on_el_pr/obama_32;_ylt=Ag.652gwHx7cgWhdoXEl9nOtOrgF', 'Obama pokes at McCain over tide-pressure issue - Yahoo! News', '', NULL, 0, '2008-08-06 13:30:04', 8, 205, 'related'),
(251, 'McCain, campaigning on energy and economic issues in southern Ohio, said that as president he would tell members of Congress "not to leave town, not to take their vacation or pay raise" until they passed legislation to ease the burden of high energy prices on consumers.', 'http://news.yahoo.com/s/ap/20080806/ap_on_el_pr/mccain;_ylt=AoEYSNCLhIGAIxp.76lr_pis0NUE', 'http://news.yahoo.com/s/ap/20080806/ap_on_el_pr/mccain;_ylt=AoEYSNCLhIGAIxp.76lr_pis0NUE', 'McCain says he''d push Congress to vote on energy - Yahoo! News', '', NULL, 0, '2008-08-06 13:32:30', 8, 206, 'related'),
(252, 'Americans think Obamas visibility has overshadowed John McCain 76 percent to 11 percent.', 'http://politicalticker.blogs.cnn.com/2008/08/06/poll-americans-have-seen-too-much-of-obama/', 'http://politicalticker.blogs.cnn.com/2008/08/06/poll-americans-have-seen-too-much-of-obama/', 'CNN Political Ticker: All politics, all the time - Blogs from CNN.com', '', NULL, 0, '2008-08-06 13:33:59', 8, 207, 'related'),
(253, 'McCain also believes the U.S. needs to deploy SmartMeter technologies, which collect real-time data on the electricity use of individual homes and businesses. ', 'http://www.cnn.com/2008/POLITICS/08/05/energy.plans/index.html', 'http://www.cnn.com/2008/POLITICS/08/05/energy.plans/index.html', 'Obama, McCain energy plans - CNN.com', '', NULL, 0, '2008-08-06 13:53:05', 8, 208, 'related'),
(254, 'Opposed new offshore drilling, but later shifted to say that he would consider it if it were part of a larger strategy to lower energy costs.', 'http://www.cnn.com/2008/POLITICS/08/05/energy.plans/index.html', 'http://www.cnn.com/2008/POLITICS/08/05/energy.plans/index.html', 'Obama, McCain energy plans - CNN.com', '', NULL, 0, '2008-08-06 13:54:02', 8, 191, 'related'),
(255, 'Obama should have a healthy lead by almost every measure. Yet, in poll after poll, Obama conspicuously fails to cross the 50-percent threshold. ', 'http://news.aol.com/elections/article/obama-stalls-in-public-polling/121046', 'http://news.aol.com/elections/article/obama-stalls-in-public-polling/121046', 'Obama Stalls in Public Polling - AOL News', '', NULL, 0, '2008-08-06 13:57:01', 8, 209, 'related'),
(256, '"I don''t support agricultural subsidies no matter where they are," McCain said at a recent appearance in Wisconsin.', 'http://news.yahoo.com/s/ap/20080806/ap_on_el_pr/candidates_farm_policy;_ylt=AsKYZMZJeNLGAqZHPO2uTAxsnwcF', 'http://news.yahoo.com/s/ap/20080806/ap_on_el_pr/candidates_farm_policy;_ylt=AsKYZMZJeNLGAqZHPO2uTAxsnwcF', 'McCain opposes farm policies popular in Midwest - Yahoo! News', '', NULL, 0, '2008-08-06 14:03:35', 8, 210, 'related'),
(257, '"The cost of living is crazy right now, with two kids, gas prices, and rent...I''m living paycheck to paycheck" ', 'http://www.cnn.com/2008/HEALTH/08/05/selling.eggs/index.html', 'http://www.cnn.com/2008/HEALTH/08/05/selling.eggs/index.html', 'Dim economy drives women to donate eggs for profit - CNN.com', '', NULL, 0, '2008-08-06 15:10:26', 10, 211, 'related'),
(258, 'Obama has never ruled out the use of nuclear energy but has cautioned against expanding it until concerns about proliferation and the storage of nuclear waste can be addressed.', 'http://news.yahoo.com/s/ap/20080806/ap_on_el_pr/mccain;_ylt=AoEYSNCLhIGAIxp.76lr_pis0NUE', 'http://news.yahoo.com/s/ap/20080806/ap_on_el_pr/mccain;_ylt=AoEYSNCLhIGAIxp.76lr_pis0NUE', 'McCain says he''d push Congress to vote on energy - Yahoo! News', '', NULL, 0, '2008-08-06 15:22:10', 10, 212, 'related'),
(259, 'Depending upon the week in June or July, by Gallup''s measure, Obama has roughly fluctuated between splitting or, at worst, trailing by about five percent with white women. In that same period, Obama has only won between 34 percent and 37 percent of white men.', 'http://news.aol.com/elections/article/obama-stalls-in-public-polling/121046', 'http://news.aol.com/elections/article/obama-stalls-in-public-polling/121046', 'Obama Stalls in Public Polling - AOL News', '', NULL, 0, '2008-08-06 15:29:40', 10, 214, 'related'),
(260, '"What''s remarkable this summer is the stability of this race," ', 'http://news.aol.com/elections/article/obama-stalls-in-public-polling/121046', 'http://news.aol.com/elections/article/obama-stalls-in-public-polling/121046', 'Obama Stalls in Public Polling - AOL News', '', NULL, 0, '2008-08-06 15:32:06', 10, 215, 'related'),
(261, 'He has reportedly told Jo, 53, and Ekaterina that he loves them both and can''t choose between them.', 'http://www.stuff.co.nz/stuff/4645860a1860.html', 'http://www.stuff.co.nz/stuff/4645860a1860.html', 'Ronnie Wood sees Russian lover in rehab - New Zealand''s source for entertainment news, gossip & music, movie & book reviews on S', '', NULL, 0, '2008-08-06 15:37:56', 10, 216, 'related'),
(262, 'Mick Jagger is actually a very good friend of mine. He was married and we never had a romance in the way it was written,', 'http://www.newspostonline.com/entertainment/carla-bruni-denies-breaking-jagger-and-halls-marriage-20080806831', 'http://www.newspostonline.com/entertainment/carla-bruni-denies-breaking-jagger-and-halls-marriage-20080806831', 'Carla Bruni denies breaking Jagger and Halls marriage', '', NULL, 0, '2008-08-06 15:39:35', 10, 217, 'related'),
(263, 'Sir Mick Jagger has officially become an Old Age Pensioner. The Rolling Stones'' frontman celebrated his 65th birthday at the weekend (July 26)', 'http://www.nme.com/news/the-rolling-stones/38475', 'http://www.nme.com/news/the-rolling-stones/38475', 'Rolling Stones'' Mick Jagger becomes a pensioner | News | NME.COM', '', NULL, 0, '2008-08-06 15:41:32', 10, 218, 'related'),
(264, 'The Rolling Stones have signed on to record for Universal, after 20 years on the EMI label. The Stones already have ties with Universal. The company distributes the soundtrack for Martin Scorsese''s film "Shine a Light"', 'http://www.cctv.com/program/cultureexpress/20080804/101171.shtml', 'http://www.cctv.com/program/cultureexpress/20080804/101171.shtml', 'CCTV International', '', NULL, 0, '2008-08-06 15:44:21', 10, 219, 'related'),
(265, 'Republican presidential candidate John McCain opposes the $300 billion farm bill and subsidies for ethanol, positions that both supporters and opponents say might cost him votes he needs in the upper Midwest this November. ', 'http://news.yahoo.com/s/ap/20080806/ap_on_el_pr/candidates_farm_policy;_ylt=AsKYZMZJeNLGAqZHPO2uTAxsnwcF', 'http://news.yahoo.com/s/ap/20080806/ap_on_el_pr/candidates_farm_policy;_ylt=AsKYZMZJeNLGAqZHPO2uTAxsnwcF', 'McCain opposes farm policies popular in Midwest - Yahoo! News', '', NULL, 0, '2008-08-06 18:34:43', 11, 221, 'related'),
(266, 'McCain instead has promised to open new markets abroad for farmers to export their commodities. ', 'http://news.yahoo.com/s/ap/20080806/ap_on_el_pr/candidates_farm_policy;_ylt=AsKYZMZJeNLGAqZHPO2uTAxsnwcF', 'http://news.yahoo.com/s/ap/20080806/ap_on_el_pr/candidates_farm_policy;_ylt=AsKYZMZJeNLGAqZHPO2uTAxsnwcF', 'McCain opposes farm policies popular in Midwest - Yahoo! News', '', NULL, 0, '2008-08-06 18:35:51', 11, 222, 'related'),
(267, 'It''s not a stand that pleases Republican Sen. Charles Grassley of Iowa.', 'http://news.yahoo.com/s/ap/20080806/ap_on_el_pr/candidates_farm_policy;_ylt=AsKYZMZJeNLGAqZHPO2uTAxsnwcF', 'http://news.yahoo.com/s/ap/20080806/ap_on_el_pr/candidates_farm_policy;_ylt=AsKYZMZJeNLGAqZHPO2uTAxsnwcF', 'McCain opposes farm policies popular in Midwest - Yahoo! News', '', NULL, 0, '2008-08-06 18:37:00', 11, 223, 'related'),
(268, 'The National Fire Protection Association called the crash the worst to occur in the fighting of a wildfire. The group says about 100 firefighters die on duty each year. ', 'http://www.washingtonpost.com/wp-dyn/content/article/2008/08/06/AR2008080601002.html?hpid=topnews', 'http://www.washingtonpost.com/wp-dyn/content/article/2008/08/06/AR2008080601002.html?hpid=topnews', '9 Firefighters in California Helicopter Crash Are Presumed Dead - washingtonpost.com', '', NULL, 0, '2008-08-06 18:42:41', 11, 224, 'related'),
(269, '"There is no excuse for the Legislature''s failure to reach a compromise and to send me a budget," Schwarzenegger said at a 2:45 p.m. news conference, more than a month into the new fiscal year. "Until the Legislature passes a budget that I can sign, I will not sign any bills that reach my desk." ', 'http://www.latimes.com/news/local/la-me-arnold7-2008aug07,0,6501790.story', 'http://www.latimes.com/news/local/la-me-arnold7-2008aug07,0,6501790.story', 'Schwarzenegger refusing to sign bills - Los Angeles Times', '', NULL, 0, '2008-08-06 18:44:58', 11, 225, 'related'),
(270, 'Legislators are currently going without their salaries, but will get their back pay when a budget is in place.', 'http://www.latimes.com/news/local/la-me-arnold7-2008aug07,0,6501790.story', 'http://www.latimes.com/news/local/la-me-arnold7-2008aug07,0,6501790.story', 'Schwarzenegger refusing to sign bills - Los Angeles Times', '', NULL, 0, '2008-08-06 18:46:26', 11, 226, 'related'),
(271, 'This news is strangely timed, broken just days after Freeman had a car accident, and the passenger in the late-night crash in Mississippi was Demaris Meyer, 48, a longtime friend of Morgan''s wife. ', 'http://latimesblogs.latimes.com/thedishrag/2008/08/morgan-freema-1.html', 'http://latimesblogs.latimes.com/thedishrag/2008/08/morgan-freema-1.html', 'Report: Morgan Freeman and wife Myrna Colley-Lee divorcing after 24 years | The Dish Rag | Los Angeles Times', '', NULL, 0, '2008-08-06 18:50:00', 11, 227, 'related'),
(272, 'Most of the focus has been on the danger that hackers could easily use the DNS bug to hijack web browsers, redirecting victims to malicious web sites. But this was only the most obvious of many possible attacks. In addition to browsers, attackers could target numerous other applications, protocols and services, such as the File Transfer Protocol (FTP), mail servers, spam filters, Telnet and the Secure Socket Layer that''s supposed to make online banking save from eavesdroppers.', 'http://blog.wired.com/27bstroke6/2008/08/dns-flaw-much-w.html', 'http://blog.wired.com/27bstroke6/2008/08/dns-flaw-much-w.html', 'DNS Flaw Much Worse Than Previously Reported | Threat Level from Wired.com', '', NULL, 0, '2008-08-06 18:52:25', 11, 228, 'related'),
(273, 'The most heavily patched geographical regions were the East Coast of the United States and Western Europe.', 'http://blog.wired.com/27bstroke6/2008/08/dns-flaw-much-w.html', 'http://blog.wired.com/27bstroke6/2008/08/dns-flaw-much-w.html', 'DNS Flaw Much Worse Than Previously Reported | Threat Level from Wired.com', '', NULL, 0, '2008-08-06 18:54:33', 11, 229, 'related'),
(274, 'H.I.V. and AIDS are concentrated in Mexico among men, particularly those who have sex with other men. While the H.I.V. prevalence in the general population is 0.3 percent, among men who have sex with men it approaches 15 percent.', 'http://www.nytimes.com/2008/08/07/world/americas/07mexico.html', 'http://www.nytimes.com/2008/08/07/world/americas/07mexico.html', 'Vulnerable to H.I.V., Resistant to Labels - NYTimes.com', '', NULL, 0, '2008-08-06 19:04:28', 11, 230, 'related'),
(275, 'Senator Barack Obama, the presumptive Democratic nominee, lost the Catholic vote badly to Senator Hillary Rodham Clinton, who, like Mr. Obama, is a supporter of abortion rights, during the primaries in states like New Hampshire, Missouri and Ohio.', 'http://www.nytimes.com/2008/08/07/us/politics/07catholics.html', 'http://www.nytimes.com/2008/08/07/us/politics/07catholics.html', 'Obamas View on Abortion May Divide Catholics - NYTimes.com', '', NULL, 0, '2008-08-07 14:24:10', 12, 231, 'related'),
(276, 'The likely shift reflects concern among Democrats that they need to do more to regain the allegiance of Roman Catholic voters, who broke decisively for President Bush in 2004 and could be crucial to the outcome in a number of battleground states this year.', 'http://www.nytimes.com/2008/08/07/us/politics/07catholics.html', 'http://www.nytimes.com/2008/08/07/us/politics/07catholics.html', 'Obamas View on Abortion May Divide Catholics - NYTimes.com', '', NULL, 0, '2008-08-07 14:25:22', 12, 232, 'related'),
(277, 'That was because Mr. Bayhs name is said to be on the short list of candidates Mr. Obama is considering as his running mate.', 'http://www.nytimes.com/2008/08/07/us/politics/07veep.html', 'http://www.nytimes.com/2008/08/07/us/politics/07veep.html', 'Looking for Any Signs at Obama-Bayh Meeting - NYTimes.com', '', NULL, 0, '2008-08-07 14:29:52', 12, 233, 'related'),
(278, 'The McCain campaign said it is reviewing all of the donations bundled together by a prominent Florida fund-raiser who has been linked to more than $50,000 in questionable contributions from an extended family in California and a few of their friends.', 'http://thecaucus.blogs.nytimes.com/2008/08/07/mccain-campaign-is-reviewing-donations/', 'http://thecaucus.blogs.nytimes.com/2008/08/07/mccain-campaign-is-reviewing-donations/', 'McCain Campaign Is Reviewing Donations - The Caucus - Politics - New York Times Blog', '', NULL, 0, '2008-08-07 14:32:37', 12, 234, 'related'),
(279, 'The wrinkle is that Mr. McCains campaign manager, Rick Davis, lobbied Congress five years to approve a proposal by DHL, a German-owned company, to buy Airborne Express, a U.S. company that operated out of the site.', 'http://thecaucus.blogs.nytimes.com/2008/08/07/mccain-confronts-lobbying-job-loss-issue/', 'http://thecaucus.blogs.nytimes.com/2008/08/07/mccain-confronts-lobbying-job-loss-issue/', 'McCain Confronts Lobbying, Job Loss Issue - The Caucus - Politics - New York Times Blog', '', NULL, 0, '2008-08-07 14:34:10', 12, 235, 'related'),
(280, 'This month the Democrats will hold a convention in Denverthe first time in 100 years that they have dared to meet anywhere near the Rocky mountains (see article). But John McCain is pushing back, assuring voters that he must carry Colorado if he is to win the White House. The polls are balanced, with most showing paper-thin leads for Mr Obama. A Senate race is similarly tight. Colorado may be worth just nine electoral college votes, but it is likely to be the hardest-fought state in the western half of America. ', 'http://www.economist.com/world/unitedstates/displaystory.cfm?story_id=11900705', 'http://www.economist.com/world/unitedstates/displaystory.cfm?story_id=11900705', 'The swing states: Colorado | Suburban cowboys | Economist.com', '', NULL, 0, '2008-08-07 14:38:38', 12, 236, 'related'),
(281, 'Mr Obama, who supports affirmative action with reservations, may well end up on the wrong side of the argument', 'http://www.economist.com/world/unitedstates/displaystory.cfm?story_id=11900705', 'http://www.economist.com/world/unitedstates/displaystory.cfm?story_id=11900705', 'The swing states: Colorado | Suburban cowboys | Economist.com', '', NULL, 0, '2008-08-07 14:40:02', 12, 237, 'related'),
(282, 'Mr. Bush had repeatedly said he wanted to attend the Olympics to pay respect to the Chinese people and to celebrate support the American team, but the most significant remarks in his Thursday speech represented criticisms of China, though he also criticized the authoritarian leaders of North Korea and Myanmar, the former Burma.', 'http://www.nytimes.com/2008/08/08/sports/olympics/08prexy.html', 'http://www.nytimes.com/2008/08/08/sports/olympics/08prexy.html', 'Bush Arrives in Beijing - NYTimes.com', '', NULL, 0, '2008-08-07 14:47:11', 12, 238, 'related'),
(283, 'Even a few Americans have been detained in China for protesting Chinas one-family policy and Tibet, according to news reports and American officials.', 'http://www.nytimes.com/2008/08/08/sports/olympics/08prexy.html', 'http://www.nytimes.com/2008/08/08/sports/olympics/08prexy.html', 'Bush Arrives in Beijing - NYTimes.com', '', NULL, 0, '2008-08-07 14:47:49', 12, 238, 'related'),
(284, 'With his appearance at the Olympic Games  the first by a sitting American president  Mr. Bush is seeking to balance his advocacy for democracy and political liberty with his desire to cultivate cooperation with Chinas leaders on a variety of economic, diplomatic and security issues.', 'http://www.nytimes.com/2008/08/08/sports/olympics/08prexy.html', 'http://www.nytimes.com/2008/08/08/sports/olympics/08prexy.html', 'Bush Arrives in Beijing - NYTimes.com', '', NULL, 0, '2008-08-07 14:48:30', 12, 238, 'related'),
(285, 'The Olympics also posed a pressure point as some analysts wondered whether the expectations and international scrutiny brought by the Games might help crack open another authoritarian political system  as happened in Seoul in 1988.', 'http://www.nytimes.com/2008/08/07/sports/olympics/07nationalism.html', 'http://www.nytimes.com/2008/08/07/sports/olympics/07nationalism.html', 'Chinas Leaders Are Resilient in Face of Change - NYTimes.com', '', NULL, 0, '2008-08-07 14:50:43', 12, 239, 'related'),
(286, 'But if the Olympics have presented unmistakable challenges and crises, the Communist Party has proved resilient. Public appetite for reform has not waned, but the short-term byproduct of the Olympics has been a surge in Chinese patriotism that bolstered the party against international criticism after its crackdown on Tibetan protesters in March and the controversy over the international Olympic torch relay.', 'http://www.nytimes.com/2008/08/07/sports/olympics/07nationalism.html', 'http://www.nytimes.com/2008/08/07/sports/olympics/07nationalism.html', 'Chinas Leaders Are Resilient in Face of Change - NYTimes.com', '', NULL, 0, '2008-08-07 14:51:13', 12, 239, 'related'),
(287, 'For the Communist Party, Chinas selection in July 2001 as host of the 2008 Olympics was a political and historic coup: a gift they could deliver to a thrilled citizenry and a new focal point, seven years in the distant future, that could be used to rally national pride. ', 'http://www.nytimes.com/2008/08/07/sports/olympics/07nationalism.html', 'http://www.nytimes.com/2008/08/07/sports/olympics/07nationalism.html', 'Chinas Leaders Are Resilient in Face of Change - NYTimes.com', '', NULL, 0, '2008-08-07 14:55:10', 12, 239, 'related'),
(288, 'John Edwards'' admission that he had an extramarital affair', 'http://www.abcnews.go.com/Politics/Vote2008/story?id=5544983', 'http://www.abcnews.go.com/Politics/Vote2008/story?id=5544983', 'ABC News: Dems Move Fast to Lessen Edwards Impact', '', NULL, 0, '2008-08-08 16:54:11', 1, 241, 'related'),
(289, 'many Democrats say Edwards must be completely sidelined for the remainder of this campaign -- if not longer.', 'http://www.abcnews.go.com/Politics/Vote2008/story?id=5544983', 'http://www.abcnews.go.com/Politics/Vote2008/story?id=5544983', 'ABC News: Dems Move Fast to Lessen Edwards Impact', '', NULL, 0, '2008-08-08 16:54:56', 1, 242, 'related'),
(290, 'Kilpatrick, 38, was jailed yesterday for traveling to Canada in violation of bond terms set after he was charged with perjury in March.', 'http://www.bloomberg.com/apps/news?pid=20601087&sid=aQLzs.gEs5Mc', 'http://www.bloomberg.com/apps/news?pid=20601087&sid=aQLzs.gEs5Mc', 'Bloomberg.com: Worldwide', '', NULL, 0, '2008-08-08 16:59:52', 1, 243, 'related'),
(291, 'Billionaire investor Warren Buffett''s Berkshire Hathaway Inc. posted its third consecutive profit decline on slowing returns from insurance. ', 'http://www.bloomberg.com/apps/news?pid=20601087&sid=aZst1qbI3l_s', 'http://www.bloomberg.com/apps/news?pid=20601087&sid=aZst1qbI3l_s', 'Bloomberg.com: Worldwide', '', NULL, 0, '2008-08-08 17:01:23', 1, 244, 'related'),
(292, 'Berkshire Hathaway Inc. posted its third consecutive profit decline on slowing returns from insurance', 'http://www.bloomberg.com/apps/news?pid=20601087&sid=aZst1qbI3l_s', 'http://www.bloomberg.com/apps/news?pid=20601087&sid=aZst1qbI3l_s', 'Bloomberg.com: Worldwide', '', NULL, 0, '2008-08-08 17:01:58', 1, 245, 'related'),
(293, '"You''re going to get drowned out," MacKinnon advises. "The American people want to root for American athletes. They don''t want to be distracted at the moment. They''re not going to forget that McCain and Obama are out there. The campaigns have to put the ego in check a bit."', 'http://voices.washingtonpost.com/thefix/2008/08/should_mccain_and_obama_campai.html?hpid=topnews', 'http://voices.washingtonpost.com/thefix/2008/08/should_mccain_and_obama_campai.html?hpid=topnews', 'An Olympics Blackout for McCain and Obama? - The Fix', '', NULL, 0, '2008-08-08 17:04:07', 1, 246, 'related'),
(294, 'And the campaigns will actually be quite visible during the Olympics. The Obama campaign will pay $5 million to air TV ads on the NBC Universal networks covering the games. McCain''s campaign has earmarked $6 million for Olympic TV ad time.', 'http://voices.washingtonpost.com/thefix/2008/08/should_mccain_and_obama_campai.html?hpid=topnews', 'http://voices.washingtonpost.com/thefix/2008/08/should_mccain_and_obama_campai.html?hpid=topnews', 'An Olympics Blackout for McCain and Obama? - The Fix', '', NULL, 0, '2008-08-08 17:04:33', 1, 247, 'related'),
(295, 'Obama, however, starts a week-long Hawaii vacation today.', 'http://voices.washingtonpost.com/thefix/2008/08/should_mccain_and_obama_campai.html?hpid=topnews', 'http://voices.washingtonpost.com/thefix/2008/08/should_mccain_and_obama_campai.html?hpid=topnews', 'An Olympics Blackout for McCain and Obama? - The Fix', '', NULL, 0, '2008-08-08 17:05:10', 1, 248, 'related'),
(296, 'Brooklyn-based T-shirt designer WOWCH is quite angry with the folks behind stoner comedy "Pineapple Express." On its website''s blog, it''s claiming that film''s director David Gordon Green "ripped off" one of its designs featuring a cat in the mouth of a shark, available at Urban Outfitters stores circa 2005. ', 'http://latimesblogs.latimes.com/entertainmentnewsbuzz/2008/08/pineapple-expre.html', 'http://latimesblogs.latimes.com/entertainmentnewsbuzz/2008/08/pineapple-expre.html', '''Pineapple Express'': Is that stoner shirt stolen, James Franco? | Entertainment News & Buzz | Los Angeles Times', '', NULL, 0, '2008-08-08 17:08:25', 1, 249, 'related'),
(297, 'BERGEN, Germany -- A man in this picturesque village in Upper Bavaria identified Clark Rockefeller in photographs as his older brother, saying in an interview today that he left home at age 17 in 1978 and had not contacted the family in more than 20 years. ', 'http://www.boston.com/news/local/breaking_news/2008/08/german_man_iden.html', 'http://www.boston.com/news/local/breaking_news/2008/08/german_man_iden.html', 'German man identifies Rockefeller as his brother - Local News Updates - The Boston Globe', '', NULL, 0, '2008-08-08 17:10:19', 1, 250, 'related'),
(298, '"We are now checking if he could be the German citizen Christian Karl Gerhartsreiter," a spokeswoman said today in a telephone interview in German. ', 'http://www.boston.com/news/local/breaking_news/2008/08/german_man_iden.html', 'http://www.boston.com/news/local/breaking_news/2008/08/german_man_iden.html', 'German man identifies Rockefeller as his brother - Local News Updates - The Boston Globe', '', NULL, 0, '2008-08-08 17:10:37', 1, 250, 'related'),
(299, 'Six years after labeling Steven J. Hatfill a person of interest in the anthrax attacks, the Justice Department formally exonerated him on Friday and told his lawyer it had concluded that he was not involved in the anthrax mailings.', 'http://www.nytimes.com/2008/08/09/washington/09anthrax.html', 'http://www.nytimes.com/2008/08/09/washington/09anthrax.html', 'Justice Department Officially Exonerates Scientist in Anthrax Attacks - NYTimes.com', '', NULL, 0, '2008-08-08 17:12:14', 1, 251, 'related'),
(300, 'Dr. Hatfill did not have access to the particular anthrax used in the attacks', 'http://www.nytimes.com/2008/08/09/washington/09anthrax.html', 'http://www.nytimes.com/2008/08/09/washington/09anthrax.html', 'Justice Department Officially Exonerates Scientist in Anthrax Attacks - NYTimes.com', '', NULL, 0, '2008-08-08 17:12:51', 1, 252, 'related'),
(301, 'The Justice Department said this week that it was now convinced that Dr. Ivins  who died 10 days ago after taking an overdose of painkillers  was the anthrax killer and that he acted alone in a crime that killed five people and shook the country.', 'http://www.nytimes.com/2008/08/09/washington/09anthrax.html', 'http://www.nytimes.com/2008/08/09/washington/09anthrax.html', 'Justice Department Officially Exonerates Scientist in Anthrax Attacks - NYTimes.com', '', NULL, 0, '2008-08-08 17:13:40', 1, 253, 'related'),
(302, 'Dr. Ivins  who died 10 days ago after taking an overdose of painkillers ', 'http://www.nytimes.com/2008/08/09/washington/09anthrax.html', 'http://www.nytimes.com/2008/08/09/washington/09anthrax.html', 'Justice Department Officially Exonerates Scientist in Anthrax Attacks - NYTimes.com', '', NULL, 0, '2008-08-08 17:14:07', 1, 254, 'related'),
(303, 'Dr. Ivins, who specialized in anthrax vaccines at a military research facility at Fort Detrick, Md., assisted the F.B.I. in the early stages of its investigation in testing samples taken from the attacks', 'http://www.nytimes.com/2008/08/09/washington/09anthrax.html', 'http://www.nytimes.com/2008/08/09/washington/09anthrax.html', 'Justice Department Officially Exonerates Scientist in Anthrax Attacks - NYTimes.com', '', NULL, 0, '2008-08-08 17:14:50', 1, 255, 'related'),
(304, 'his mental instability and suspicious habits appear to have been well known to many people who knew and worked with him. ', 'http://www.nytimes.com/2008/08/09/washington/09anthrax.html', 'http://www.nytimes.com/2008/08/09/washington/09anthrax.html', 'Justice Department Officially Exonerates Scientist in Anthrax Attacks - NYTimes.com', '', NULL, 0, '2008-08-08 17:15:11', 1, 256, 'related'),
(305, 'A small Brooklyn t-shirt maker called WOWCH says that co-star James Franco''s character appears in the movie wearing shark-and-kitten shirt that is really just a slightly altered version of a WOWCH design that was sold at Urban Outfitters in 2005. But the big stars don''t give the little guys credit at all! ', 'http://gawker.com/5033415/did-pineapple-express-steal-this-t+shirt', 'http://gawker.com/5033415/did-pineapple-express-steal-this-t+shirt', 'Pineapple Express: Did Pineapple Express Steal This T-Shirt?', '', NULL, 0, '2008-08-08 17:27:56', 1, 249, 'related'),
(306, 'Dozens of Russian warplanes bombed civilian and military targets in the former republic of Georgia on Saturday', 'http://edition.cnn.com/2008/WORLD/europe/08/09/georgia.ossetia/?imw=Y', 'http://edition.cnn.com/2008/WORLD/europe/08/09/georgia.ossetia/?imw=Y', 'Russian warplanes target Georgia - CNN.com', '', NULL, 0, '2008-08-09 18:12:32', 1, 257, 'related'),
(307, 'a Russian ambassador said that as many as 2,000 people had been killed in in the capital of separatist Georgian province South Ossetia', 'http://edition.cnn.com/2008/WORLD/europe/08/09/georgia.ossetia/?imw=Y', 'http://edition.cnn.com/2008/WORLD/europe/08/09/georgia.ossetia/?imw=Y', 'Russian warplanes target Georgia - CNN.com', '', NULL, 0, '2008-08-09 18:16:56', 1, 258, 'related'),
(308, 'Russia''s use of strategic bombers and ballistic missiles against Georgia''s civilians outside of the South Ossetian conflict is "far disproportionate" to Georgia''s alleged attack on Russian peacekeepers, a senior U.S. official said Saturday.', 'http://www.cnn.com/2008/WORLD/europe/08/09/georgia.reax/', 'http://www.cnn.com/2008/WORLD/europe/08/09/georgia.reax/', 'U.S. official: Russia''s attack on Georgia is ''disproportionate'' - CNN.com', '', NULL, 0, '2008-08-09 18:54:48', 1, 259, 'related'),
(311, 'Phelps won the 400-meter individual medley at the National Aquatics Center in a world record time of 4 minutes 3.84 seconds -- crushing his old world mark, winning an Olympic gold medal and likely sending chills through the rest of the competitors on hand, many of whom could succumb to Phelps in similar fashion later in the meet. ', 'http://www.washingtonpost.com/wp-dyn/content/article/2008/08/09/AR2008080902107.html', 'http://www.washingtonpost.com/wp-dyn/content/article/2008/08/09/AR2008080902107.html', 'Phelps Gets Off To Record Start, Wins a Gold - washingtonpost.com', '', NULL, 0, '2008-08-09 22:55:44', 1, 260, 'related'),
(312, 'In 1972 in Munich, Californian Mark Spitz swam in seven events and won seven gold medals. No Olympian, in any sport, has ever won that many in a single Games. Not before or since. Not in winter or summer. ', 'http://www.washingtonpost.com/wp-dyn/content/article/2008/08/09/AR2008080902107.html', 'http://www.washingtonpost.com/wp-dyn/content/article/2008/08/09/AR2008080902107.html', 'Phelps Gets Off To Record Start, Wins a Gold - washingtonpost.com', '', NULL, 0, '2008-08-09 23:01:12', 1, 261, 'related'),
(313, 'he announced his retirement in November 2006, citing waning motivation.', 'http://en.wikipedia.org/w/index.php?oldid=225761814', 'http://en.wikipedia.org/w/index.php?oldid=225761814', 'Ian Thorpe - Wikipedia, the free encyclopedia', '', NULL, 0, '2008-08-09 23:08:08', 1, 262, 'related'),
(314, 'NEW YORK (CNN) -- Richard Butler, the former U.N. weapons inspector, pointed Monday to a possible Iraq connection to the recent anthrax mailings, saying he did not believe terrorist groups could have made the deadly bacteria', 'http://archives.cnn.com/2001/HEALTH/conditions/10/15/anthrax.butler/index.html', 'http://archives.cnn.com/2001/HEALTH/conditions/10/15/anthrax.butler/index.html', 'CNN.com - Ex-U.N. weapons inspector: Possible Iraq-anthrax link - October 15, 2001', '', NULL, 0, '2008-08-09 23:26:09', 1, 263, 'related'),
(315, 'Mohamed Atta -- one of the suspected suicide hijackers -- had two meetings with Iraqi intelligence officers in Prague, Czech Republic, U.S. and Czech officials told CNN. ', 'http://archives.cnn.com/2001/HEALTH/conditions/10/15/anthrax.butler/index.html', 'http://archives.cnn.com/2001/HEALTH/conditions/10/15/anthrax.butler/index.html', 'CNN.com - Ex-U.N. weapons inspector: Possible Iraq-anthrax link - October 15, 2001', '', NULL, 0, '2008-08-09 23:29:25', 1, 264, 'related'),
(316, 'he announced his retirement in November 2006, citing waning motivation', 'http://en.wikipedia.org/wiki/Ian_Thorpe', 'http://en.wikipedia.org/wiki/Ian_Thorpe', 'Ian Thorpe - Wikipedia, the free encyclopedia', '', NULL, 0, '2008-08-10 15:14:52', 1, 262, 'related'),
(317, 'At the age of 14, he became the youngest male ever to represent Australia', 'http://en.wikipedia.org/wiki/Ian_Thorpe', 'http://en.wikipedia.org/wiki/Ian_Thorpe', 'Ian Thorpe - Wikipedia, the free encyclopedia', '', NULL, 0, '2008-08-10 15:24:36', 1, 265, 'related'),
(318, 'Thorpe was the first person to have been named World Swimmer of the Year four times by Swimming World Magazine,', 'http://en.wikipedia.org/wiki/Ian_Thorpe', 'http://en.wikipedia.org/wiki/Ian_Thorpe', 'Ian Thorpe - Wikipedia, the free encyclopedia', '', NULL, 0, '2008-08-10 15:25:29', 1, 266, 'related'),
(319, 'Between 1996 and 2002, an average of $16 billion/year was paid by programs authorized by various U.S. farm bills dating back to the Agricultural Adjustment Act of 1933, the Agricultural Act of 1949, and the Commodity Credit Corporation (created in 1933), among others.', 'http://en.wikipedia.org/wiki/Agricultural_subsidy', 'http://en.wikipedia.org/wiki/Agricultural_subsidy', 'Agricultural subsidy - Wikipedia, the free encyclopedia', '', NULL, 0, '2008-08-11 17:02:46', 1, 267, 'related'),
(320, 'only 2% of the U.S. population residing on farms', 'http://en.wikipedia.org/wiki/Agricultural_subsidy', 'http://en.wikipedia.org/wiki/Agricultural_subsidy', 'Agricultural subsidy - Wikipedia, the free encyclopedia', '', NULL, 0, '2008-08-11 18:14:39', 1, 268, 'related'),
(321, 'Some proponents of agricultural subsidies argue that they are necessary because of the fluctuating nature of agriculture. Domestic crop yield can fluctuate considerably depending on the local weather. International crop supply and prices also fluctuate considerably depending on weather (eg, drought in Australia), politics (eg farm seizures in Zimbabwe), war, and other factors affecting crop yields in foreign countries', 'http://en.wikipedia.org/wiki/Agricultural_subsidy', 'http://en.wikipedia.org/wiki/Agricultural_subsidy', 'Agricultural subsidy - Wikipedia, the free encyclopedia', '', NULL, 0, '2008-08-11 18:16:37', 1, 269, 'related'),
(322, 'Price support and income guarantees can help to maintain a strong domestic farm sector and domestic food supply, by smoothing farmers'' income over time and better ensure that farmers are not required to maintain a hefty float from year to year in order to maintain a consistent income.', 'http://en.wikipedia.org/wiki/Agricultural_subsidy', 'http://en.wikipedia.org/wiki/Agricultural_subsidy', 'Agricultural subsidy - Wikipedia, the free encyclopedia', '', NULL, 0, '2008-08-11 18:17:20', 1, 270, 'related'),
(323, 'Removing subsidies would therefore drive domestic farmers out of business, leaving the country with a much smaller (or possibly non existent) agriculture industry.', 'http://en.wikipedia.org/wiki/Agricultural_subsidy', 'http://en.wikipedia.org/wiki/Agricultural_subsidy', 'Agricultural subsidy - Wikipedia, the free encyclopedia', '', NULL, 0, '2008-08-11 18:18:00', 1, 271, 'related'),
(324, 'Depending on the nature of the subsidies, agricultural subsidies may have the effect of increasing agricultural production and/or driving down domestic food prices. This means domestic producers and consumers would pay less for their food.', 'http://en.wikipedia.org/wiki/Agricultural_subsidy', 'http://en.wikipedia.org/wiki/Agricultural_subsidy', 'Agricultural subsidy - Wikipedia, the free encyclopedia', '', NULL, 0, '2008-08-11 18:19:25', 1, 272, 'related'),
(325, 'Compared with wealthier individuals, poor people generally pay a smaller proportion of their income in taxes, and they generally spend a larger proportion of their income on food. Thus lower food prices, financed through tax revenues, will provide larger benefits for the poor than for the wealthy. In this respect, agriculture subsidies could be considered an indirect means of transferring wealth to lower income individuals.', 'http://en.wikipedia.org/wiki/Agricultural_subsidy', 'http://en.wikipedia.org/wiki/Agricultural_subsidy', 'Agricultural subsidy - Wikipedia, the free encyclopedia', '', NULL, 0, '2008-08-11 18:58:32', 1, 273, 'related'),
(326, 'Without the signals of profit and loss, the market has no way to suggesting that a farmer who has made poor decisions should change his behavior, or to reward those farmers who have made good decisions. Thus subsidized farmers may well produce the same worthless product every year, and dump it in the ocean, while turning a profit due to subsidies. Unsubsidized farmers who produce a worthless product will eventually have to choose between going out of business, or producing something that consumers demand.', 'http://en.wikipedia.org/wiki/Agricultural_subsidy', 'http://en.wikipedia.org/wiki/Agricultural_subsidy', 'Agricultural subsidy - Wikipedia, the free encyclopedia', '', NULL, 0, '2008-08-11 18:59:29', 1, 274, 'related'),
(327, 'Another is the issue of fairness. Many manufacturers and retailers do not receive relief from the market and therefore neither should farmers.', 'http://en.wikipedia.org/wiki/Agricultural_subsidy', 'http://en.wikipedia.org/wiki/Agricultural_subsidy', 'Agricultural subsidy - Wikipedia, the free encyclopedia', '', NULL, 0, '2008-08-11 18:59:47', 1, 275, 'related'),
(328, 'Justification of subsidies from the uncertain nature of the weather can be countered by considering that many other areas of economy experience equivalent risks for which the free market does provide solutions, through insurance and the futures markets.', 'http://en.wikipedia.org/wiki/Agricultural_subsidy', 'http://en.wikipedia.org/wiki/Agricultural_subsidy', 'Agricultural subsidy - Wikipedia, the free encyclopedia', '', NULL, 0, '2008-08-11 19:00:37', 1, 276, 'related'),
(329, 'Others argue that the artificially low prices resulting from subsidies create incentives for mis-allocation resources, such as replacing cane sugar with cheap corn syrup,[7] replacing grasses for grazing cattle with cheaper cattle corn,[8] and using corn as automotive fuel instead of food.', 'http://en.wikipedia.org/wiki/Agricultural_subsidy', 'http://en.wikipedia.org/wiki/Agricultural_subsidy', 'Agricultural subsidy - Wikipedia, the free encyclopedia', '', NULL, 0, '2008-08-11 19:17:55', 1, 277, 'related'),
(330, 'Others argue that the artificially low prices resulting from subsidies create incentives for mis-allocation resources, such as replacing cane sugar with cheap corn syrup,', 'http://en.wikipedia.org/wiki/Agricultural_subsidy', 'http://en.wikipedia.org/wiki/Agricultural_subsidy', 'Agricultural subsidy - Wikipedia, the free encyclopedia', '', NULL, 0, '2008-08-11 19:18:24', 1, 278, 'related'),
(331, 'Critics also argue that agricultural subsidies go mostly to the biggest farms who need subsidization the least. Research from Brian M. Riedl at the Heritage Foundation showed that nearly three quarters of subsidy money goes to the top 10% of recipients.', 'http://en.wikipedia.org/wiki/Agricultural_subsidy', 'http://en.wikipedia.org/wiki/Agricultural_subsidy', 'Agricultural subsidy - Wikipedia, the free encyclopedia', '', NULL, 0, '2008-08-11 19:20:04', 1, 279, 'related'),
(332, 'Brian M. Riedl argues that the subsidy money is helping large farms buy out small farms. "Specifically, large farms are using their massive federal subsidies to purchase small farms and consolidate the agriculture industry. As they buy up smaller farms, not only are these large farms able to capitalize further on economies of scale and become more profitable, but they also become eligible for even more federal subsidieswhich they can use to buy even more small farms."', 'http://en.wikipedia.org/wiki/Agricultural_subsidy', 'http://en.wikipedia.org/wiki/Agricultural_subsidy', 'Agricultural subsidy - Wikipedia, the free encyclopedia', '', NULL, 0, '2008-08-11 19:21:22', 1, 280, 'related'),
(333, 'Critics also note that, in America, over 90% of money goes to staple crops of corn, wheat, soybeans and rice while growers of other crops get shut out completely.', 'http://en.wikipedia.org/wiki/Agricultural_subsidy', 'http://en.wikipedia.org/wiki/Agricultural_subsidy', 'Agricultural subsidy - Wikipedia, the free encyclopedia', '', NULL, 0, '2008-08-11 19:24:39', 1, 283, 'related'),
(334, 'Although, in fairness, research has shown that small farms receive more payments in relation to value of their crops than big farms.', 'http://en.wikipedia.org/wiki/Agricultural_subsidy', 'http://en.wikipedia.org/wiki/Agricultural_subsidy', 'Agricultural subsidy - Wikipedia, the free encyclopedia', '', NULL, 0, '2008-08-11 22:43:54', 1, 284, 'related'),
(335, 'The farm bill, which the House of Representatives has approved and which the Senate could vote on this week, calls for taxpayers to fork over some $180 billion to farmers during the next decade. That''s a 70 percent hike above the cost of current farm-subsidy programs, most of which represent direct payments to wealthy farmers and agribusinesses.', 'http://www.commondreams.org/views02/0506-09.htm', 'http://www.commondreams.org/views02/0506-09.htm', 'Why U.S. Farm Subsidies Are Bad for the World', '', NULL, 0, '2008-08-11 22:51:55', 1, 285, 'related'),
(336, 'By guaranteeing U.S. farmers a minimum payment for commodities such as corn, rice and soybeans, the government encourages overproduction.', 'http://www.commondreams.org/views02/0506-09.htm', 'http://www.commondreams.org/views02/0506-09.htm', 'Why U.S. Farm Subsidies Are Bad for the World', '', NULL, 0, '2008-08-11 22:52:35', 1, 286, 'related'),
(337, 'Its as safe as other no-lye relaxers. Is it effective? Yes, its active ingredient really works.', 'http://thebeautybrains.com/2008/01/07/phytorelaxer-the-lie-of-no-lye-relaxers/', 'http://thebeautybrains.com/2008/01/07/phytorelaxer-the-lie-of-no-lye-relaxers/', 'Phytorelaxer: The Lie Of No Lye Relaxers | The Beauty Brains', '', NULL, 0, '2008-08-12 11:40:18', 8, 287, 'related'),
(338, 'If a relaxer will straighten the hair it has the potential to damage the scalp.', 'http://en.allexperts.com/q/Hairstyling-1565/relaxers-2.htm', 'http://en.allexperts.com/q/Hairstyling-1565/relaxers-2.htm', 'Hairstyling: relaxers, dangerous chemical, hair type', '', NULL, 0, '2008-08-12 11:45:40', 8, 288, 'related'),
(339, 'Hair breakage, hair thinning, lack of hair growth, scalp irritation, scalp damage, hair loss. These are just some of the complaints from many who experience problems due to the misuse of chemical hair relaxers.', 'http://www.skinbiology.com/truthabouthairrelaxers.html', 'http://www.skinbiology.com/truthabouthairrelaxers.html', 'The Truth About Hair Relaxers', '', NULL, 0, '2008-08-12 13:56:24', 8, 289, 'related'),
(340, 'While working in a sewing machine repair shop attempting to invent a new lubricating liquid for the machine needle, it is widely believed that Morgan wiped his hands on a wool cloth, returned the next day, found the woolly texture of the cloth had smoothed out, and set out to find how the liquid chemical had changed the texture as it had.', 'http://www.skinbiology.com/truthabouthairrelaxers.html', 'http://www.skinbiology.com/truthabouthairrelaxers.html', 'The Truth About Hair Relaxers', '', NULL, 0, '2008-08-12 14:08:48', 8, 290, 'related'),
(341, 'Some have mistakenly thought that with no-lye relaxers there are less steps and all the worry of chemical hair straightening is removed.', 'http://www.skinbiology.com/truthabouthairrelaxers.html', 'http://www.skinbiology.com/truthabouthairrelaxers.html', 'The Truth About Hair Relaxers', '', NULL, 0, '2008-08-12 15:48:12', 8, 291, 'related'),
(342, 'Relaxed hair will tend to be drier and break easily.', 'http://www.skinbiology.com/truthabouthairrelaxers.html', 'http://www.skinbiology.com/truthabouthairrelaxers.html', 'The Truth About Hair Relaxers', '', NULL, 0, '2008-08-12 15:50:04', 8, 289, 'related'),
(343, 'Sales at U.S. retailers dropped in July for the first time in five months as record gasoline prices and tighter credit reduced automobile purchases.', 'http://www.bloomberg.com/apps/news?pid=20601103&sid=aWPVxjhRepz0', 'http://www.bloomberg.com/apps/news?pid=20601103&sid=aWPVxjhRepz0', 'Bloomberg.com: U.S.', '', NULL, 0, '2008-08-13 09:45:24', 14, 292, 'related');
INSERT INTO `snippets` (`id`, `txt`, `url`, `url_real`, `pagetitle`, `title`, `author`, `source_id`, `created_at`, `user_id`, `point_id`, `howlinked`) VALUES 
(344, 'Russian forces have sunk several vessels in Georgia''s military port of Poti, Al Jazeera''s Hoda Abel has reported from the scene.', 'http://english.aljazeera.net/news/europe/2008/08/2008813153517926662.html', 'http://english.aljazeera.net/news/europe/2008/08/2008813153517926662.html', 'Al Jazeera English - Europe - Russian forces sink Georgian ships', '', NULL, 0, '2008-08-13 10:01:06', 14, 293, 'related'),
(345, '"They came into this area and destroyed six Georgian vessels.', 'http://english.aljazeera.net/news/europe/2008/08/2008813153517926662.html', 'http://english.aljazeera.net/news/europe/2008/08/2008813153517926662.html', 'Al Jazeera English - Europe - Russian forces sink Georgian ships', '', NULL, 0, '2008-08-13 10:02:12', 14, 293, 'related'),
(346, 'The offensive means that the ceasefire is dead - back to ground zero.', 'http://english.aljazeera.net/news/europe/2008/08/2008813153517926662.html', 'http://english.aljazeera.net/news/europe/2008/08/2008813153517926662.html', 'Al Jazeera English - Europe - Russian forces sink Georgian ships', '', NULL, 0, '2008-08-13 10:02:50', 14, 294, 'related'),
(347, 'Talks on power-sharing in Zimbabwe have adjourned to give opposition leader Morgan Tsvangirai time to reflect, South Africa''s president has said.', 'http://news.bbc.co.uk/2/hi/africa/7558026.stm', 'http://news.bbc.co.uk/2/hi/africa/7558026.stm', 'BBC NEWS | Africa | Mugabe rival ''needs to reflect''', 'Mugabe rival ''needs to reflect''', NULL, 3, '2008-08-13 10:07:41', 14, 295, 'related'),
(348, 'A power-sharing deal in Zimbabwe that excludes main opposition leader Morgan Tsvangirai would do nothing to solve the country''s political and economic crises, analysts said Wednesday.', 'http://www.africasia.com/services/news/newsitem.php?item=080813150157.a5zepfbu.php', 'http://www.africasia.com/services/news/newsitem.php?item=080813150157.a5zepfbu.php', 'IC Publications', '', NULL, 0, '2008-08-13 10:11:22', 14, 296, 'related'),
(349, 'Trade unions in Zimbabwe''s neighbouring countries have agreed to ratchet up the pressure on Robert Mugabe''s regime by staging a one-week boycott of all goods bound for the poverty-stricken country.', 'http://www.ft.com/cms/s/0/f5be03a0-68ce-11dd-a4e5-0000779fd18c.html', 'http://www.ft.com/cms/s/0/f5be03a0-68ce-11dd-a4e5-0000779fd18c.html', 'FT.com / Home UK / UK - Trade unions join forces to boycott Zimbabwe goods', '', NULL, 0, '2008-08-13 10:13:05', 14, 297, 'related'),
(350, 'Animal welfare campaigners say Greenland''s whaling, held under rules permitting subsistence hunting, has become too... commercial in character. The World Society for the Protection of Animals (WSPA) found that a quarter of last year''s catch was traded for profit through a private food company.', 'http://www.australia.to/index.php?id=61:greenland-whale-hunt-commercial-&catid=31:science&Itemid=49', 'http://www.australia.to/index.php?id=61:greenland-whale-hunt-commercial-&catid=31:science&Itemid=49', 'Greenland whale hunt ''commercial''', '', NULL, 0, '2008-08-13 10:17:25', 14, 298, 'related'),
(351, 'At the time, some delegates queried Greenland''s plans to expand its hunt to include bowhead and humpback whales - two species it had not previously targeted - and noted allegations that whalemeat regularly changed hands for money.', 'http://www.australia.to/index.php?id=61:greenland-whale-hunt-commercial-&catid=31:science&Itemid=49', 'http://www.australia.to/index.php?id=61:greenland-whale-hunt-commercial-&catid=31:science&Itemid=49', 'Greenland whale hunt ''commercial''', '', NULL, 0, '2008-08-13 10:18:54', 14, 299, 'related'),
(352, '"Only one in five whales dies within a minute. These are the worst whale hunts in the world on welfare grounds." Records submitted to the IWC show that in 2006, fin whales took on average 35 minutes to die, with one taking nearly six hours. ', 'http://www.australia.to/index.php?id=61:greenland-whale-hunt-commercial-&catid=31:science&Itemid=49', 'http://www.australia.to/index.php?id=61:greenland-whale-hunt-commercial-&catid=31:science&Itemid=49', 'Greenland whale hunt ''commercial''', '', NULL, 0, '2008-08-13 10:20:57', 14, 300, 'related'),
(353, 'IWC rules do not explicitly prohibit commercial trade, but they specify that permits are granted only "to satisfy aboriginal subsistence need". ', 'http://www.australia.to/index.php?id=61:greenland-whale-hunt-commercial-&catid=31:science&Itemid=49', 'http://www.australia.to/index.php?id=61:greenland-whale-hunt-commercial-&catid=31:science&Itemid=49', 'Greenland whale hunt ''commercial''', '', NULL, 0, '2008-08-13 10:54:50', 14, 302, 'related'),
(354, 'President Bush said Wednesday he is dispatching U.S. military personnel to Georgia in a "vigorous and ongoing" mission to provide humanitarian aid to victims of the fighting between Russian and Georgian troops.', 'http://www.cnn.com/2008/POLITICS/08/13/us.russia.diplomacy/index.html', 'http://www.cnn.com/2008/POLITICS/08/13/us.russia.diplomacy/index.html', 'Bush orders U.S. military to help Georgian civilians - CNN.com', '', NULL, 0, '2008-08-13 11:06:52', 15, 303, 'related'),
(355, 'The president said he was sending Secretary of State Condoleezza Rice to Europe to express "America''s unwavering support" for the Georgian government.', 'http://www.cnn.com/2008/POLITICS/08/13/us.russia.diplomacy/index.html', 'http://www.cnn.com/2008/POLITICS/08/13/us.russia.diplomacy/index.html', 'Bush orders U.S. military to help Georgian civilians - CNN.com', '', NULL, 0, '2008-08-13 11:08:46', 15, 304, 'related'),
(356, 'Updated | 10:59 a.m. COLUMBUS, Ohio  Senator John McCain declared on Thursday that most American troops will be home from Iraq by 2013 and that Iraq will be a functioning democracy with only spasmodic episodes of violence, a striking departure from his refusal so far to set a date for U.S. withdrawal.', 'http://thecaucus.blogs.nytimes.com/2008/05/15/mccain-troops-may-be-home-by-2013/', 'http://thecaucus.blogs.nytimes.com/2008/05/15/mccain-troops-may-be-home-by-2013/', 'McCain Sees Troops Coming Home by 2013 - The Caucus - Politics - New York Times Blog', '', NULL, 0, '2008-08-13 11:14:56', 15, 306, 'related'),
(357, 'WASHINGTON (CNN) -- President Bush said Thursday night conditions on the ground in Iraq have improved sufficiently to start bringing some U.S. troops home, and urged Americans divided over the war to "come together."', 'http://www.cnn.com/2007/POLITICS/09/13/bush.speech/index.html', 'http://www.cnn.com/2007/POLITICS/09/13/bush.speech/index.html', 'Bush: 5,700 troops to return home by Christmas - CNN.com', '', NULL, 0, '2008-08-13 11:17:06', 15, 307, 'related'),
(358, 'BAGHDAD - About 3,500 American soldiers are scheduled to leave Iraq in the coming weeks, the U.S. military announced, as part of the Pentagons overall reduction in troop strength following last years surge. ', 'http://sayanythingblog.com/entry/3500_troops_schedule_to_come_home_from_iraq_as_part_of_larger_withdrawal/', 'http://sayanythingblog.com/entry/3500_troops_schedule_to_come_home_from_iraq_as_part_of_larger_withdrawal/', '3,500 Troops Schedule To Come Home From Iraq As Part Of Larger Withdrawal - Say Anything', '', NULL, 0, '2008-08-13 11:19:55', 15, 308, 'related'),
(359, 'BEIJING -- Michael Phelps won the men''s 200-meter butterfly Wednesday and not even an hour later helped lift the U.S. 4x200m freestyle relay team to victory, becoming the winningest athlete in Olympic history, now with 11 gold medals -- and counting.', 'http://www.nbcolympics.com/swimming/news/newsid=205871.html#phelps+stands+alone+olympic+history', 'http://www.nbcolympics.com/swimming/news/newsid=205871.html#phelps+stands+alone+olympic+history', 'NBCOlympics.com - Phelps flies to Olympic gold medal mark', '', NULL, 0, '2008-08-13 11:31:42', 15, 309, 'related'),
(360, 'BEIJING -- Michael Phelps won the men''s 200-meter butterfly Wednesday and not even an hour later helped lift the U.S. 4x200m freestyle relay team to victory, becoming the winningest athlete in Olympic history, now with 11 gold medals -- and counting.', 'http://www.nbcolympics.com/swimming/news/newsid=205871.html#phelps+stands+alone+olympic+history', 'http://www.nbcolympics.com/swimming/news/newsid=205871.html#phelps+stands+alone+olympic+history', 'NBCOlympics.com - Phelps flies to Olympic gold medal mark', '', NULL, 0, '2008-08-13 11:32:17', 15, 310, 'related'),
(361, 'Obama continues to hold a solid lead over John McCain with just over 80 days remaining until the presidential election, a new CNN poll of polls shows.', 'http://politicalticker.blogs.cnn.com/2008/08/13/cnn-poll-of-polls-update-obama-up-by-6/', 'http://politicalticker.blogs.cnn.com/2008/08/13/cnn-poll-of-polls-update-obama-up-by-6/', 'CNN Political Ticker: All politics, all the time Blog Archive - CNN Poll of polls update: Obama up by 6  - Blogs from CNN.com', '', NULL, 0, '2008-08-13 13:14:46', 16, 312, 'related'),
(362, 'She told me her name and asked me what my astrological sign was, which I thought was a little unusual.', 'http://www.newsweek.com/id/151783', 'http://www.newsweek.com/id/151783', 'What Rielle Hunter Told Me | Newsweek Politics | Newsweek.com', '', NULL, 0, '2008-08-13 13:22:02', 16, 313, 'related'),
(363, 'Recently, as New York Sen. Hillary Rodham Clinton campaigned in Eugene, her onetime friend and mentor Jean Houston was at home in her double geodesic dome, a style that is not out of place here in this town of theater lovers and spiritual seekers.', 'http://articles.latimes.com/2008/may/12/nation/na-newage12', 'http://articles.latimes.com/2008/may/12/nation/na-newage12', 'Hillary Clinton failed to master female approach, former mentor Jean Houston says - Los Angeles Times', '', NULL, 0, '2008-08-13 13:23:10', 16, 314, 'related'),
(364, 'The future Arianna Huffington also became a disciple of the Indian guru Bhagwan Shree Rajneesh, whose cult practiced open sexual intercourse among its members, and with its leader, as a central sacrament of their faith. ', 'http://www.discoverthenetworks.org/individualProfile.asp?indid=2010', 'http://www.discoverthenetworks.org/individualProfile.asp?indid=2010', '', '', NULL, 0, '2008-08-13 13:27:11', 16, 316, 'related'),
(365, 'MySpace had 72.8 million national users in June, versus Facebook''s 37.4 million,', 'http://www.cnn.com/2008/TECH/08/12/studentsteachers.online/index.html', 'http://www.cnn.com/2008/TECH/08/12/studentsteachers.online/index.html', 'Online student-teacher friendships can be tricky - CNN.com', '', NULL, 0, '2008-08-13 15:43:20', 17, 319, 'related'),
(368, 'Barack Obama is going to win in November, by something resembling a landslide. ', 'http://www.cbsnews.com/stories/2008/08/13/politics/politico/main4346648.shtml', 'http://www.cbsnews.com/stories/2008/08/13/politics/politico/main4346648.shtml', 'Polls Show Landslide Scenario Unlikely, Politico: Most Popular Vote Presidential Landslides Were Clearly Visible By End Of Summe', '', NULL, 0, '2008-08-13 16:20:24', 8, 322, 'related'),
(370, 'Over the past week, however, Gallups daily tracking poll pegs Obama ahead of John McCain by a margin of 2 to 5 percentage points. ', 'http://www.cbsnews.com/stories/2008/08/13/politics/politico/main4346648.shtml', 'http://www.cbsnews.com/stories/2008/08/13/politics/politico/main4346648.shtml', 'Polls Show Landslide Scenario Unlikely, Politico: Most Popular Vote Presidential Landslides Were Clearly Visible By End Of Summe', '', NULL, 0, '2008-08-13 16:30:15', 8, 209, 'related'),
(371, 'They concluded that at least a quarter of the whalemeat landed around the coasts was traded through a single company, Arctic Green Food, with supermarkets the principal destination. ', 'http://www.australia.to/index.php?id=61:greenland-whale-hunt-commercial-&catid=31:science&Itemid=49', 'http://www.australia.to/index.php?id=61:greenland-whale-hunt-commercial-&catid=31:science&Itemid=49', 'Greenland whale hunt ''commercial''', '', NULL, 0, '2008-08-13 16:35:35', 8, 299, 'related'),
(372, '"Only one in five whales dies within a minute. These are the worst whale hunts in the world on welfare grounds." ', 'http://www.australia.to/index.php?id=61:greenland-whale-hunt-commercial-&catid=31:science&Itemid=49', 'http://www.australia.to/index.php?option=com_content&view=article&id=61:greenland-whale-hunt-commercial-&catid=31:science&Itemid', 'Greenland whale hunt ''commercial''', '', NULL, 0, '2008-08-13 16:52:02', 8, 324, 'related'),
(373, 'Tonnes Berthelsen, managing director of Arctic Green Food, told BBC News his company traded meat from about 40 whales each year. ', 'http://www.australia.to/index.php?id=61:greenland-whale-hunt-commercial-&catid=31:science&Itemid=49', 'http://www.australia.to/index.php?option=com_content&view=article&id=61:greenland-whale-hunt-commercial-&catid=31:science&Itemid', 'Greenland whale hunt ''commercial''', '', NULL, 0, '2008-08-13 16:59:58', 8, 326, 'related'),
(374, 'The police officers were accused of firing on unarmed people crossing a bridge during the chaos which followed the flooding of the city. ', 'http://news.bbc.co.uk/2/hi/americas/7559815.stm', 'http://news.bbc.co.uk/2/hi/americas/7559815.stm', 'BBC NEWS | Americas | Katrina shooting case collapses', 'Katrina shooting case collapses', NULL, 3, '2008-08-13 17:31:10', 1, 327, 'related'),
(375, 'Kobe Bryant and LeBron James are accustomed to having people gawk at them, but there they were in the Water Cube stands Wednesday, as mesmerized as the rest of the mortal fans by Michael Phelps. ', 'http://www.kansascity.com/495/story/746891.html', 'http://www.kansascity.com/495/story/746891.html', 'www.kansascity.com | 08/13/2008 | Phelps'' accomplishments are out of this world', '', NULL, 0, '2008-08-13 17:35:47', 1, 328, 'related'),
(376, 'Growing up in Baltimore, he was an antsy kid who drove his teachers crazy until he was diagnosed with attention deficit disorder. He followed his older sisters to swim practice, and although he was initially scared to put his head underwater, he excelled and found an outlet for his racing mind.', 'http://www.kansascity.com/495/story/746891-p2.html', 'http://www.kansascity.com/495/story/746891-p2.html', 'www.kansascity.com', '', NULL, 0, '2008-08-13 17:38:33', 1, 329, 'related'),
(377, 'Even though relaxers break down the strands during the process, your hair can also be built back up and strengthen again. ', 'http://growafrohairlong.com/perms.html', 'http://growafrohairlong.com/perms.html', 'Relaxers & Perms---Afro Hair', '', NULL, 0, '2008-08-14 08:56:29', 8, 335, 'related'),
(378, 'the Chinese government''s news agency, Xinhua, reported that gymnast He Kexin was 13', 'http://sportsillustrated.cnn.com/2008/olympics/2008/08/14/underage.gymnasts/index.html', 'http://sportsillustrated.cnn.com/2008/olympics/2008/08/14/underage.gymnasts/index.html', 'Chinese news service cited gymnast as 13 - 2008 Olympics - SI.com', '', NULL, 0, '2008-08-14 10:01:30', 18, 336, 'related'),
(379, '"It''s definitely a mistake," Zhang said of the Xinhua report, speaking in a telephone interview. "Never has any media outlet called me to check the athletes'' ages."', 'http://sportsillustrated.cnn.com/2008/olympics/2008/08/14/underage.gymnasts/index.html', 'http://sportsillustrated.cnn.com/2008/olympics/2008/08/14/underage.gymnasts/index.html', 'Chinese news service cited gymnast as 13 - 2008 Olympics - SI.com', '', NULL, 0, '2008-08-14 10:02:44', 18, 337, 'related'),
(380, 'Barack Obama supports a massive amnesty for illegal aliens, something that will greatly increase legal immigration and will lead to even more illegal immigration.', 'http://immigration2008.com/president/barack-obama/barack-obama-on-immigration', 'http://immigration2008.com/president/barack-obama/barack-obama-on-immigration', '* Barack Obama | Immigration 2008', '', NULL, 0, '2008-08-14 10:11:34', 18, 338, 'related'),
(381, 'he has "gotten the message" that the border must be secured before the status of illegals already in the United States can be dealt with.', 'http://www.washingtontimes.com/news/2008/jan/14/sen-mccain-and-illegal-immigration/', 'http://www.washingtontimes.com/news/2008/jan/14/sen-mccain-and-illegal-immigration/', 'Washington Times - Sen. McCain and illegal immigration', '', NULL, 0, '2008-08-14 10:14:29', 18, 339, 'related'),
(382, 'n a Jan. 5 debate, Mr. McCain declared that anyone who says he supported amnesty is "a liar, is lying." Several days before he won the New Hampshire primary, Mr. McCain was asked by a voter about criticism of his record. The senator replied: "I do not support, nor would I ever support, any services provided to someone who came to this country illegally, nor would I ever and [I] never have supported Social Security benefits for people who are in this country illegally." Any assertion to the contrary, he added "is absolutely false."', 'http://www.washingtontimes.com/news/2008/jan/14/sen-mccain-and-illegal-immigration/', 'http://www.washingtontimes.com/news/2008/jan/14/sen-mccain-and-illegal-immigration/', 'Washington Times - Sen. McCain and illegal immigration', '', NULL, 0, '2008-08-14 10:15:56', 18, 340, 'related'),
(383, 'But time and again, he has sided with the pro-amnesty, open-borders crowd. ', 'http://www.washingtontimes.com/news/2008/jan/14/sen-mccain-and-illegal-immigration/', 'http://www.washingtontimes.com/news/2008/jan/14/sen-mccain-and-illegal-immigration/', 'Washington Times - Sen. McCain and illegal immigration', '', NULL, 0, '2008-08-14 11:24:18', 18, 341, 'related'),
(384, 'Some chemicals from hair relaxers do actually enter your scalp. With that said relaxers should only be done by licensed professionals.', 'http://www.shereese.com/The-Truth-About-Hair-Relaxers.htm', 'http://www.shereese.com/The-Truth-About-Hair-Relaxers.htm', 'The Truth About Hair Relaxers', '', NULL, 0, '2008-08-14 12:03:12', 18, 343, 'related'),
(385, 'In a one-year experiment, the state moved most of its employees -- those working in non-emergency services -- to the four-day week August 4.', 'http://www.cnn.com/2008/LIVING/08/13/utah.workweek/index.html', 'http://www.cnn.com/2008/LIVING/08/13/utah.workweek/index.html', 'TGIT: 17,000 state workers move to four-day weeks - CNN.com', '', NULL, 0, '2008-08-14 13:21:54', 19, 345, 'related'),
(386, 'It also hopes employees will save on fuel costs by driving to work one less day per week.', 'http://www.cnn.com/2008/LIVING/08/13/utah.workweek/index.html', 'http://www.cnn.com/2008/LIVING/08/13/utah.workweek/index.html', 'TGIT: 17,000 state workers move to four-day weeks - CNN.com', '', NULL, 0, '2008-08-14 13:23:08', 19, 346, 'related'),
(387, 'At 4-foot 8-inches tall and weighing 72 pounds, the Beijing native appears significantly younger than most of her Chinese teammates much less her American and European counterparts.', 'http://www.huffingtonpost.com/david-flumenbaum/scandal-of-the-ages-docum_b_118842.html', 'http://www.huffingtonpost.com/david-flumenbaum/scandal-of-the-ages-docum_b_118842.html', 'David Flumenbaum: Scandal of the Ages: Documents Reveal Underage Chinese Gymnast', '', NULL, 0, '2008-08-14 13:29:48', 19, 347, 'related'),
(388, 'Chinese Olympic officials have forcefully defended He''s eligibility, maintaining that when asked, they submitted proper passport documentation to the IOC.', 'http://www.huffingtonpost.com/david-flumenbaum/scandal-of-the-ages-docum_b_118842.html', 'http://www.huffingtonpost.com/david-flumenbaum/scandal-of-the-ages-docum_b_118842.html', 'David Flumenbaum: Scandal of the Ages: Documents Reveal Underage Chinese Gymnast', '', NULL, 0, '2008-08-14 13:30:54', 19, 348, 'related'),
(389, 'A Chinese article written by state-run news agency Xinhua in 2007, and discovered by the great China Digital Times that refers to He Kexin as 13 years old.', 'http://www.huffingtonpost.com/david-flumenbaum/scandal-of-the-ages-docum_b_118842.html', 'http://www.huffingtonpost.com/david-flumenbaum/scandal-of-the-ages-docum_b_118842.html', 'David Flumenbaum: Scandal of the Ages: Documents Reveal Underage Chinese Gymnast', '', NULL, 0, '2008-08-14 13:33:41', 19, 349, 'related'),
(390, 'As you''ll see from the translated version I have provided, He Kexin''s date of birth, according to these government documents, is January 1, 1994.', 'http://www.huffingtonpost.com/david-flumenbaum/scandal-of-the-ages-docum_b_118842.html', 'http://www.huffingtonpost.com/david-flumenbaum/scandal-of-the-ages-docum_b_118842.html', 'David Flumenbaum: Scandal of the Ages: Documents Reveal Underage Chinese Gymnast', '', NULL, 0, '2008-08-14 13:34:57', 19, 350, 'related'),
(391, 'American swimmer and 11-time Olympic Gold medalist who holds world records in several events.', 'http://en.wikipedia.org/wiki/Michael_Phelps', 'http://en.wikipedia.org/wiki/Michael_Phelps', 'Michael Phelps - Wikipedia, the free encyclopedia', '', NULL, 0, '2008-08-14 13:38:17', 19, 261, 'related'),
(392, 'In his youth, Phelps was diagnosed with Attention-Deficit Hyperactivity Disorder (ADHD)', 'http://en.wikipedia.org/wiki/Michael_Phelps', 'http://en.wikipedia.org/wiki/Michael_Phelps', 'Michael Phelps - Wikipedia, the free encyclopedia', '', NULL, 0, '2008-08-14 13:40:16', 19, 329, 'related'),
(393, 'He started swimming at age seven, partly because of the influence of his sisters and partly to provide him with an outlet for his restless energy. He blossomed quickly as a swimmer, and by the age of 10 held a national record for his age group.', 'http://en.wikipedia.org/wiki/Michael_Phelps', 'http://en.wikipedia.org/wiki/Michael_Phelps', 'Michael Phelps - Wikipedia, the free encyclopedia', '', NULL, 0, '2008-08-14 13:41:50', 19, 351, 'related'),
(394, 'In November 2004, at the age of 19, Phelps was arrested for driving under the influence of alcohol in Salisbury, Maryland. He pleaded guilty to driving while impaired the following month and was granted probation before judgment and ordered to serve 18 months probation, fined $250, obligated to speak to high schoolers about drinking and driving and had to attend a Mothers Against Drunk Driving (MADD) meeting.', 'http://en.wikipedia.org/wiki/Michael_Phelps', 'http://en.wikipedia.org/wiki/Michael_Phelps', 'Michael Phelps - Wikipedia, the free encyclopedia', '', NULL, 0, '2008-08-14 13:44:46', 19, 352, 'related'),
(395, 'At the age of 15, Phelps competed at the 2000 Summer Olympics in Sydney, becoming the youngest American male swimmer at an Olympic Games in 68 years. While he did not win a medal, he was fifth in the 200 m Butterfly. ', 'http://en.wikipedia.org/wiki/Michael_Phelps', 'http://en.wikipedia.org/wiki/Michael_Phelps', 'Michael Phelps - Wikipedia, the free encyclopedia', '', NULL, 0, '2008-08-14 13:46:23', 19, 353, 'related'),
(396, 'A truce between warring Russia and Georgia appeared at first to be a breakthrough, but some fear it may have given the Russians a loophole to continue their action in the former Soviet republic.', 'http://ap.google.com/article/ALeqM5jowJP391EIdGVVMP3QEZI_vQ8ovwD92I9MU80', 'http://ap.google.com/article/ALeqM5jowJP391EIdGVVMP3QEZI_vQ8ovwD92I9MU80', 'The Associated Press: Truce between Russia, Georgia flawed, some say', '', NULL, 0, '2008-08-14 14:56:14', 20, 355, 'related'),
(397, 'Analysts fear that wording  which diplomats in Brussels say was introduced at Russia''s insistence  could be used to justify incursions', 'http://ap.google.com/article/ALeqM5jowJP391EIdGVVMP3QEZI_vQ8ovwD92I9MU80', 'http://ap.google.com/article/ALeqM5jowJP391EIdGVVMP3QEZI_vQ8ovwD92I9MU80', 'The Associated Press: Truce between Russia, Georgia flawed, some say', '', NULL, 0, '2008-08-14 14:57:04', 20, 355, 'related'),
(398, 'Q: Should the peace movement offer a contingency plan for peacekeeping? "That''s not our job. Our job is to generate political pressure to get the U.S. out of there and end this nightmare that the U.S. is responsible for. You are trying to hold us to a higher standard of accountability than anyone is holding the Bush administration to, and I''m wondering why. In my organization and the umpteen antiwar coalitions that I am in, this is in no way a priority that we think about or talk about." Kevin Martin "I''ve spoken with Iraqi women who have come here to this country and they say, ''Leave us alone, we will handle whatever goes on in our country.'' They tell me all the time, ''We''re used to sleeping on our roofs with guns in our hands.'' It''s terrible, but they really want to settle this themselves. I don''t think we need to have a plan; we need to get out of there." Elaine Brower, World Can''t Wait "It''s hard to find many alternative strategies. In the days of the Vietnam antiwar movement, there were tremendous fights about different strategies. Here, there''s no fight whatsoever. Nobody even thinks strategically." Rabbi Michael Lerner, Tikkun', 'http://www.motherjones.com/news/feature/2007/11/iraq-war-anti-war-response.html', 'http://www.motherjones.com/news/feature/2007/11/iraq-war-anti-war-response.html', 'Antiwar Response: Out Now, Ask Questions Later?', '', NULL, 0, '2008-08-14 15:05:50', 20, 356, 'related'),
(399, 'I wish I could truthfully answer no to all these questions, but I can''t. Unfortunately, the answer to every single one of them is yes. What this means is that the US is once again disregarding its moral and legal obligations. Not only was their war on Iraq immoral and illegal, so is their occupation! The invaders have a moral and legal obligation to rebuild the infrastructure they destroyed with money from their own pockets. The invaders have a moral and legal obligation to clean up the unexploded ammunition and the shell casings its attack left strewn about the country with money from their own pockets. The invaders have a moral and legal obligation to provide security and food to the citizens of the country that they so brutally destroyed-with money from their own pockets. But the US is doing none of this!', 'http://www.counterpunch.org/jacobs04282003.html', 'http://www.counterpunch.org/jacobs04282003.html', 'Ron Jacobs: Get the US Out of Iraq', '', NULL, 0, '2008-08-14 15:10:33', 20, 357, 'related'),
(400, 'History and classification: The Polish language belongs to the West-Slavic group of the Indo-European languages together with Czech and Slovak. It emerged from the Proto-Slavic language as used as the mother tongue of all Slavic tribes in the past. Polish has developed so much that the texts written in the Middle Ages are not 100-per-cent understandable to contemporary Poles and need to be read with a dictionary of archaisms. During the times of the Partitions of Poland (1795-1918) the Prussian and Russian conquerors tried to eradicate Polish identity, but their plans eventually failed and Poles retained their language almost intact. ', 'http://www.staypoland.com/polish.htm', 'http://www.staypoland.com/polish.htm', 'Polish Language', '', NULL, 0, '2008-08-14 15:31:08', 20, 358, 'related'),
(401, 'Traffic deaths in the United States declined last year, reaching the lowest level in more than a decade', 'http://www.cnn.com/2008/US/08/14/traffic.deaths.ap/index.html', 'http://www.cnn.com/2008/US/08/14/traffic.deaths.ap/index.html', 'U.S. traffic death rate at record low - CNN.com', '', NULL, 0, '2008-08-14 16:16:58', 21, 359, 'related'),
(402, 'There were 41,059 traffic deaths in 2007, 1,600 fewer than in 2006', 'http://www.cnn.com/2008/US/08/14/traffic.deaths.ap/index.html', 'http://www.cnn.com/2008/US/08/14/traffic.deaths.ap/index.html', 'U.S. traffic death rate at record low - CNN.com', '', NULL, 0, '2008-08-14 16:17:46', 21, 360, 'related'),
(403, '"They are killing civilians, women and children, with heavy artillery and rockets," Sarmat Laliyev, 28, told AP.', 'http://www.cnn.com/2008/WORLD/europe/08/08/georgia.ossetia/index.html', 'http://www.cnn.com/2008/WORLD/europe/08/08/georgia.ossetia/index.html', 'Fighting with Russia spreads to cities across Georgia - CNN.com', '', NULL, 0, '2008-08-14 16:21:36', 21, 361, 'related'),
(404, 'Russia, by contrast, is an unpredictable power, which makes a response more difficult. ', 'http://www.slate.com/id/2197155/', 'http://www.slate.com/id/2197155/', 'Russia invades Georgia. How did it come to this? - By Anne Applebaum - Slate Magazine', '', NULL, 0, '2008-08-14 16:24:16', 21, 362, 'related'),
(405, 'Russian military might has won the day in Georgia, but as a means of extending its influence in the region, political pressure and persuasion would have been far more effective.', 'http://www.nytimes.com/2008/08/14/opinion/l14russia.html', 'http://www.nytimes.com/2008/08/14/opinion/l14russia.html?ref=opinion', 'Letters - Lessons From the Russia-Georgia Clash - Letter - NYTimes.com', '', NULL, 0, '2008-08-14 16:27:45', 21, 363, 'related'),
(406, 'On Thursday, it said the murder and displacement of civilians were continuing after the Russians invaded Georgian territory last week, and it asked the court to take emergency measures to stop them. ', 'http://www.pr-inside.com/georgia-asks-world-court-to-halt-r756855.htm', 'http://www.pr-inside.com/georgia-asks-world-court-to-halt-r756855.htm', 'Georgia asks World Court to halt Russian attacks', '', NULL, 0, '2008-08-14 16:29:23', 21, 364, 'related'),
(407, 'Were starting another 2-month testing cycle. Starting this week, a very small percentage of members will be randomly selected to see one of several new page variants that were testing. This means not everyone in our test will see the same designs or features.', 'http://www2.ebay.com/aw/core/200808.shtml#2008-08-13124334', 'http://www2.ebay.com/aw/core/200808.shtml#2008-08-13124334', 'August 2008', '', NULL, 0, '2008-08-14 16:39:24', 21, 365, 'related'),
(408, 'Starting on September 2, 2008, all members will qualify for FREE insertion fees on their first four vehicle listings  a significant discount compared to the current $40 Insertion Fee.', 'http://www2.ebay.com/aw/core/200808.shtml#2008-08-13124334', 'http://www2.ebay.com/aw/core/200808.shtml#2008-08-13124334', 'August 2008', '', NULL, 0, '2008-08-14 16:41:35', 21, 366, 'related'),
(409, 'Bush called on Russia to fulfill its pledge to withdraw troops from Georgia and to pursue cooperation with neighboring states instead of what he called a Cold War-era approach of confrontation.', 'http://afp.google.com/article/ALeqM5jv4WGlYqH00ITvwZjRHPOPMtskhQ', 'http://afp.google.com/article/ALeqM5jv4WGlYqH00ITvwZjRHPOPMtskhQ', 'AFP: Bush warns Russia against ''bullying'' Georgia', '', NULL, 0, '2008-08-15 09:44:56', 22, 367, 'related'),
(410, 'John Edwards'' political action committee paid his mistress $14,000 after she stopped working for it to obtain 100 hours of unused videotape she had shot for his unsuccessful presidential campaign, an associate told The Associated Press on Thursday.', 'http://www.cnn.com/2008/POLITICS/08/15/edwards.affair.ap/index.html', 'http://www.cnn.com/2008/POLITICS/08/15/edwards.affair.ap/index.html', 'Edwards'' associate explains payment to ex-mistress - CNN.com', '', NULL, 0, '2008-08-15 09:52:08', 22, 368, 'related'),
(411, 'Edwards denies the baby is his and an Edwards aide, Andrew Young, claimed paternity last December', 'http://www.foxnews.com/story/0,2933,401324,00.html', 'http://www.foxnews.com/story/0,2933,401324,00.html', 'FOXNews.com - Report: Edwards'' Ex-Mistress Held Particular Scorn for Elizabeth Edwards - Politics | Republican Party | Democrati', '', NULL, 0, '2008-08-15 09:56:32', 22, 369, 'related'),
(412, 'Why not run again for president, this time while carrying on an extramarital affair that could easily sink his campaign and  should he win the Democratic nomination  his party''s hopes of winning the Oval Office?', 'http://news.yahoo.com/s/ap/20080809/ap_on_el_pr/edwards_affair', 'http://news.yahoo.com/s/ap/20080809/ap_on_el_pr/edwards_affair', 'Edwards'' affair his most costly political risk - Yahoo! News', '', NULL, 0, '2008-08-15 10:01:49', 22, 370, 'related'),
(413, '"The first time he kissed her, he should have been thinking, ''Goodbye to my political career,''"', 'http://news.yahoo.com/s/ap/20080809/ap_on_el_pr/edwards_affair', 'http://news.yahoo.com/s/ap/20080809/ap_on_el_pr/edwards_affair', 'Edwards'' affair his most costly political risk - Yahoo! News', '', NULL, 0, '2008-08-15 10:03:57', 22, 371, 'related'),
(414, 'John Mayer''s trip to Cabo San Lucas, Mexico without Jennifer Aniston is just the latest sign the couple are taking a break. "It is really a cooling-off, not this big, dramatic breakup," a mutual pal tells Us Weekly in its latest issue, on newsstands now.', 'http://omg.yahoo.com/news/pal-jen-aniston-john-mayer-cooling-off-romance/11952', 'http://omg.yahoo.com/news/pal-jen-aniston-john-mayer-cooling-off-romance/11952?nc', 'Pal: Jen Aniston & John Mayer "Cooling Off" Romance - omg! news on Yahoo!', '', NULL, 0, '2008-08-15 10:08:48', 22, 372, 'related'),
(415, 'Hailing from Prince George''s County, Maryland, Isis identifies herself as "a woman born physically male."', 'http://www.usmagazine.com/transgender-contestant-to-compete-on-antm', 'http://www.usmagazine.com/transgender-contestant-to-compete-on-antm', 'Usmagazine.com | EXCLUSIVE: Transgender Contestant to Compete on Top Model', '', NULL, 0, '2008-08-15 10:10:22', 22, 373, 'related'),
(416, 'Aniston, 39, and Mayer, 30, had been dating for four months.', 'http://www.newsday.com/entertainment/news/celebrity/ny-etmayer0814,0,1395084.story', 'http://www.newsday.com/entertainment/news/celebrity/ny-etmayer0814,0,1395084.story', 'Mayer, Aniston break up -- Newsday.com', '', NULL, 0, '2008-08-15 10:11:18', 22, 374, 'related'),
(417, 'After delivering one of the worst performances in the history of the MTV Video Music Awards, Britney Spears has a chance to be crowned this year as the absolute best.', 'http://www.cnn.com/2008/SHOWBIZ/Music/08/15/mtv.vma.nominees.ap/index.html', 'http://www.cnn.com/2008/SHOWBIZ/Music/08/15/mtv.vma.nominees.ap/index.html', 'MTV Awards once again to include Britney - CNN.com', '', NULL, 0, '2008-08-15 10:12:49', 22, 375, 'related'),
(418, 'Milford police said a man is claiming he was possessed by "demonic forces" when he punched out eight windows at a church.', 'http://www.wfsb.com/news/17188326/detail.html', 'http://www.wfsb.com/news/17188326/detail.html', 'Man Says Demonic Forces Caused Vandalism - Connecticut News Story - WFSB Hartford', '', NULL, 0, '2008-08-15 10:16:20', 22, 376, 'related'),
(419, 'Ruszkowski allegedly said he had felt unconscious and compelled to punch the windows while demonic forces were inside him. ', 'http://www.foxnews.com/story/0,2933,403582,00.html', 'http://www.foxnews.com/story/0,2933,403582,00.html', 'FOXNews.com - Connecticut Man Claims Demonic Possession Made Him Vandalize Church - Local News | News Articles | National News |', '', NULL, 0, '2008-08-15 10:17:50', 22, 377, 'related'),
(420, 'Police said he had shaved his red beard, had short hair and was wearing wire rimmed glasses', 'http://www.contracostatimes.com/news/ci_10196136', 'http://www.contracostatimes.com/news/ci_10196136?source=rss', 'Missing Rice student found in Berkeley - ContraCostaTimes.com', '', NULL, 0, '2008-08-15 10:20:23', 22, 378, 'related'),
(421, 'Russian troops continue to occupy positions in Georgia, despite a fragile ceasefire, following fighting over the breakaway province of South Ossetia.', 'http://news.bbc.co.uk/1/hi/uk_politics/7564012.stm', 'http://news.bbc.co.uk/1/hi/uk_politics/7564012.stm', 'BBC NEWS | Politics | UK Tory leader to visit Georgia', 'UK Tory leader to visit Georgia', NULL, 3, '2008-08-15 11:00:49', 23, 379, 'related'),
(422, 'Mikheil Saakashvili said Friday he signed a cease-fire agreement that requires the immediate withdrawal of all Russian forces from Georgian soil', 'http://www.cnn.com/2008/POLITICS/08/15/us.russia/index.html', 'http://www.cnn.com/2008/POLITICS/08/15/us.russia/index.html', 'Georgia signs cease-fire with Russia - CNN.com', '', NULL, 0, '2008-08-15 11:14:21', 23, 380, 'related'),
(423, 'Secretary of State Condoleezza Rice, standing beside the pro-American Georgian leader, said she had been assured that Russian President Dmitry Medvedev will sign an identical document', 'http://www.signonsandiego.com/news/world/20080815-0859-us-russia-georgia.html', 'http://www.signonsandiego.com/news/world/20080815-0859-us-russia-georgia.html', 'SignOnSanDiego.com > News > World -- Georgia signs cease-fire', '', NULL, 0, '2008-08-15 11:18:13', 23, 381, 'related'),
(424, 'Early Severed Heads music was characterised by the use of tape loops', 'http://en.wikipedia.org/wiki/Severed_Heads', 'http://en.wikipedia.org/wiki/Severed_Heads', 'Severed Heads - Wikipedia, the free encyclopedia', '', NULL, 0, '2008-08-15 11:21:25', 23, 382, 'related'),
(425, 'Severed Heads began incorporating various popular music tropes, such as a consistent 4/4 rhythm', 'http://en.wikipedia.org/wiki/Severed_Heads', 'http://en.wikipedia.org/wiki/Severed_Heads', 'Severed Heads - Wikipedia, the free encyclopedia', '', NULL, 0, '2008-08-15 11:23:07', 23, 383, 'related'),
(426, 'didn''t fully own the rights to their music', 'http://en.wikipedia.org/wiki/Severed_Heads', 'http://en.wikipedia.org/wiki/Severed_Heads', 'Severed Heads - Wikipedia, the free encyclopedia', '', NULL, 0, '2008-08-15 11:24:15', 23, 384, 'related'),
(427, 'The first wave of this music appeared in 1977 with Throbbing Gristle, Cabaret Voltaire, and NON.', 'http://en.wikipedia.org/wiki/Industrial_music', 'http://en.wikipedia.org/wiki/Industrial_music', 'Industrial music - Wikipedia, the free encyclopedia', '', NULL, 0, '2008-08-15 11:27:15', 23, 385, 'related'),
(428, 'Michael Phelps collected the sixth gold medal ', 'http://apnews.myway.com/article/20080815/D92IM9EO0.html', 'http://apnews.myway.com/article/20080815/D92IM9EO0.html', 'My Way News - No. 6: Phelps grabs yet another gold medal', '', NULL, 0, '2008-08-15 11:28:48', 23, 386, 'related'),
(429, 'RUSSIAN soldiers have been caught on camera ROBBING a bank in war-torn Georgia', 'http://www.thesun.co.uk/sol/homepage/news/article1563317.ece', 'http://www.thesun.co.uk/sol/homepage/news/article1563317.ece', 'Russian soldiers in bank job | The Sun |News', '', NULL, 0, '2008-08-15 11:32:10', 23, 387, 'related'),
(430, 'The top US diplomat, in Georgia to back Saakashvili''s pro-Western government, accused Russian President Dmitry Medvedev of not honouring his commitments under a ceasefire deal', 'http://afp.google.com/article/ALeqM5gdiKdj4uHJVC2lyu7zXbWSBQtOqg', 'http://afp.google.com/article/ALeqM5gdiKdj4uHJVC2lyu7zXbWSBQtOqg', 'AFP: Rice wins Georgia ceasefire signature, slams Russia', '', NULL, 0, '2008-08-15 13:27:41', 24, 388, 'related'),
(431, 'Musharraf''s spokesman said reports the former army chief''s resignation was imminent were "baseless" ', 'http://www.mail.com/Article.aspx?articlepath=APNews\\General-World-News\\20080815\\Pakistan-Politics.xml&pageid=1', 'http://www.mail.com/Article.aspx?articlepath=APNews\\General-World-News\\20080815\\Pakistan-Politics.xml&cat=world&subcat=&pageid=1', 'Mail.com - the best personalized free web-based e-mail', '', NULL, 0, '2008-08-15 13:34:52', 24, 389, 'related'),
(432, 's both his rivals and allies confirmed back-channel talks were under way that could ease him out', 'http://www.mail.com/Article.aspx?articlepath=APNews\\General-World-News\\20080815\\Pakistan-Politics.xml&pageid=1', 'http://www.mail.com/Article.aspx?articlepath=APNews\\General-World-News\\20080815\\Pakistan-Politics.xml&cat=world&subcat=&pageid=1', 'Mail.com - the best personalized free web-based e-mail', '', NULL, 0, '2008-08-15 13:36:11', 24, 390, 'related'),
(433, 'Coalition officials said they could present an impeachment motion to parliament as early as next week', 'http://www.mail.com/Article.aspx?articlepath=APNews\\General-World-News\\20080815\\Pakistan-Politics.xml&pageid=1', 'http://www.mail.com/Article.aspx?articlepath=APNews\\General-World-News\\20080815\\Pakistan-Politics.xml&cat=world&subcat=&pageid=1', 'Mail.com - the best personalized free web-based e-mail', '', NULL, 0, '2008-08-15 13:38:13', 24, 391, 'related'),
(434, 'PML-Q secretary-general Sen. Mushahid Hussain said one possibility was that Musharraf would resign and be allowed to stay in Pakistan "in peace."', 'http://www.mail.com/Article.aspx?articlepath=APNews\\General-World-News\\20080815\\Pakistan-Politics.xml&pageid=1', 'http://www.mail.com/Article.aspx?articlepath=APNews\\General-World-News\\20080815\\Pakistan-Politics.xml&cat=world&subcat=&pageid=1', 'Mail.com - the best personalized free web-based e-mail', '', NULL, 0, '2008-08-15 13:39:26', 24, 392, 'related'),
(435, '"I do not have any trust in this legal farce," he said through an Arabic-English interpreter. "Continue this illegal play in any way you wish."', 'http://www.reuters.com/article/newsOne/idUSNASU8150120080815?pageNumber=1', 'http://www.reuters.com/article/newsOne/idUSNASU8150120080815?pageNumber=1&virtualBrandChannel=0', 'Guantanamo trial may proceed without defendant | U.S. | Reuters', '', NULL, 0, '2008-08-15 13:58:41', 24, 393, 'related'),
(436, 'It is used in surgery and dentistry for its anesthetic and analgesic effects', 'http://en.wikipedia.org/wiki/Nitrous_oxide', 'http://en.wikipedia.org/wiki/Nitrous_oxide', 'Nitrous oxide - Wikipedia, the free encyclopedia', '', NULL, 0, '2008-08-15 15:54:17', 8, 394, 'related'),
(437, 'It is known as "laughing gas" due to the euphoric effects of inhaling it, a property that has led to its recreational use as an inhalant drug', 'http://en.wikipedia.org/wiki/Nitrous_oxide', 'http://en.wikipedia.org/wiki/Nitrous_oxide', 'Nitrous oxide - Wikipedia, the free encyclopedia', '', NULL, 0, '2008-08-15 15:54:42', 8, 395, 'related'),
(438, 'The gas is approved for use as a food additive (also known as E942), specifically as an aerosol spray propellant. Its most common uses in this context are in aerosol whipped cream canisters, cooking sprays, and as an inert gas used to displace bacteria-inducing oxygen when filling packages of potato chips and other similar snack foods.', 'http://en.wikipedia.org/wiki/Nitrous_oxide', 'http://en.wikipedia.org/wiki/Nitrous_oxide', 'Nitrous oxide - Wikipedia, the free encyclopedia', '', NULL, 0, '2008-08-15 15:55:36', 8, 396, 'related'),
(439, 'Physiological effects last a minute or two for a lungful of nitrous and then mainly dissipate. Some residual effects may last up to several minutes later. Unlike other drugs, the effects of nitrous very rapidly recede.', 'http://www.justsayn2o.com/', 'http://www.justsayn2o.com/', 'Nitrous Oxide FAQ', '', NULL, 0, '2008-08-15 15:57:06', 8, 397, 'related'),
(440, 'Nitrous does not kill brain cells, but lack of oxygen does.', 'http://www.justsayn2o.com/nitrous.dangers.html', 'http://www.justsayn2o.com/nitrous.dangers.html', 'Some of the Dangers of Nitrous Oxide', '', NULL, 0, '2008-08-15 15:59:17', 8, 398, 'related'),
(441, 'nepeta pleasantly stimulates cats'' pheromonic receptors', 'http://en.wikipedia.org/wiki/Catnip', '', 'Nepeta - Wikipedia, the free encyclopedia', '', NULL, 0, '2008-08-16 10:49:02', 1, 399, 'related'),
(442, 'The scent of the plant has a stimulating effect on cats.', 'http://en.wikipedia.org/wiki/Catnip', '', 'Nepeta - Wikipedia, the free encyclopedia', '', NULL, 0, '2008-08-16 10:49:45', 1, 400, 'related'),
(443, 'Oil isolated from catnip by steam distillation is a repellent against insects, in particular mosquitoes, cockroaches and termites.', 'http://en.wikipedia.org/wiki/Catnip', '', 'Nepeta - Wikipedia, the free encyclopedia', '', NULL, 0, '2008-08-16 10:50:43', 1, 401, 'related'),
(444, 'Research suggests that in a test tube, distilled nepetalactone, the active ingredient in catnip, repels mosquitoes ten times more effectively than DEET, the active ingredient in most insect repellents', 'http://en.wikipedia.org/wiki/Catnip', '', 'Nepeta - Wikipedia, the free encyclopedia', '', NULL, 0, '2008-08-16 10:51:12', 1, 402, 'related'),
(445, 'it is not as effective as a repellent on skin', 'http://en.wikipedia.org/wiki/Catnip', '', 'Nepeta - Wikipedia, the free encyclopedia', '', NULL, 0, '2008-08-16 10:51:40', 1, 403, 'related'),
(446, 'Approximately two thirds of cats are susceptible to the behavioral effects of catnip.', 'http://en.wikipedia.org/wiki/Catnip', '', 'Nepeta - Wikipedia, the free encyclopedia', '', NULL, 0, '2008-08-16 10:52:41', 1, 404, 'related'),
(447, 'The phenomenon is hereditary; for example, most cats in Australia are not susceptible to catnip, since Australian cats are drawn from a relatively closed genetic pool.', 'http://en.wikipedia.org/wiki/Catnip', '', 'Nepeta - Wikipedia, the free encyclopedia', '', NULL, 0, '2008-08-16 10:53:18', 1, 405, 'related'),
(448, 'most cats in Australia are not susceptible to catnip, since Australian cats are drawn from a relatively closed genetic pool.', 'http://en.wikipedia.org/wiki/Catnip', '', 'Nepeta - Wikipedia, the free encyclopedia', '', NULL, 0, '2008-08-16 10:53:41', 1, 406, 'related'),
(449, 'Some claim that both lions and tigers are affected by catnip, while others say that only lions are affected.', 'http://en.wikipedia.org/wiki/Catnip', '', 'Nepeta - Wikipedia, the free encyclopedia', '', NULL, 0, '2008-08-16 10:54:33', 1, 407, 'related'),
(450, 'it probably mimics a cat pheromone, such as the hypothetical feline facial pheromone or the cat urine odorant MMB.', 'http://en.wikipedia.org/wiki/Catnip', '', 'Nepeta - Wikipedia, the free encyclopedia', '', NULL, 0, '2008-08-16 10:55:30', 1, 408, 'related'),
(451, '"But Georgian mothers, as all mothers in the world, have a right to know why they are doing this," she said.', 'http://www.reuters.com/article/reutersEdge/idUSLI9342220080818', 'http://www.reuters.com/article/reutersEdge/idUSLI9342220080818', 'Georgian opposition promises tough questions | Special Coverage | Reuters', '', NULL, 0, '2008-08-18 10:56:34', 25, 409, 'related'),
(452, 'But it was on race that Bill Clinton and Obama had their harshest confrontations. Clinton seemed to minimize Obama''s victory in South Carolina by noting that Jesse Jackson also won there because of the sizable African American vote.', 'http://www.swamppolitics.com/news/politics/blog/2008/06/ap_bill_clinton_ready_to_help.html', 'http://www.swamppolitics.com/news/politics/blog/2008/06/ap_bill_clinton_ready_to_help.html', 'Bill Clinton ready to help Obama: The Swamp', '', NULL, 0, '2008-08-18 11:07:02', 25, 410, 'related'),
(453, '"Because from thirty to eighty-five percent of the nutrition in foods is destroyed in cooking. That is an average fifty percent loss! Fresh, raw foods contain the highest level of enzymes. Enzymes are the catalyst for the hundreds of thousands of chemical reactions that occur throughout the body. Cooked foods and dry convenient diets have been denatured and are devoid of enzymes- life-promoting elements. While they may maintain life they do not promote optimum health or longevity!"Alicia McWatters, Ph.D., C.N.C', 'http://www.shirleys-wellness-cafe.com/rawfood.htm', 'http://www.shirleys-wellness-cafe.com/rawfood.htm', 'Raw Food and Juice''s Amazing Healing Power - part 1 of 2', '', NULL, 0, '2008-08-18 11:17:33', 25, 411, 'related'),
(454, 'Cooking food destroys 100% of all enzymes in a food. Because many foods contain the necessary enzymes needed to digest that food (and get the nutrients out of the food), cooking food places a great burden on our body and does not allow you to get as many nutrients out of the food. ', 'http://www.cancertutor.com/Cancer/RawFood.html', 'http://www.cancertutor.com/Cancer/RawFood.html', 'Raw Food Treatment For Cancer - Carrot Juice, Beet Juice, etc.', '', NULL, 0, '2008-08-18 11:20:47', 25, 412, 'related'),
(455, 'Juicing fruits and vegetables is the quickest and most efficient way of extracting the high level of nutrients stored within. The juicer breaks down the fibres of the plant cell wall and the many nutrients contained within are released. These include the sap, proteins, enzymes and complex carbohydrates, in the form of sugars and starches. Also, by separating juice from the pulp, as any quality kitchen juicer will,you are left with a liquid that is nutrient dense but has a much reduced mass compared to the equivalent in raw fruits or vegetables. Raw juices require hardly any digestive energy and are easily assimilated directly in the bloodstream. They''re highly alkaline forming and help in balancing ph levels in the blood and tissues.', 'http://www.rawfoodideas.com/A-Raw-Juice-Fasting-Detox-Diet.html', 'http://www.rawfoodideas.com/A-Raw-Juice-Fasting-Detox-Diet.html', 'Juice Fasting To Detox And Lose Weight |Raw Food Ideas', '', NULL, 0, '2008-08-18 11:23:21', 25, 413, 'related'),
(456, 'Russia said it had begun a military pullback from Georgia on Monday', 'http://www.reuters.com/article/worldNews/idUKL73791220080818', 'http://www.reuters.com/article/worldNews/idUKL73791220080818', 'Russia says pullout has begun | International | Reuters', '', NULL, 0, '2008-08-18 16:26:54', 26, 414, 'related'),
(457, 'George W. Bush''s presidency appears headed for colossal historical disgrace. Barring a cataclysmic event on the order of the terrorist attacks of September 11th, after which the public might rally around the White House once again, there seems to be little the administration can do to avoid being ranked on the lowest tier of U.S. presidents. And that may be the best-case scenario. Many historians are now wondering whether Bush, in fact, will be remembered as the very worst president in all of American history.', 'http://www.rollingstone.com/news/profile/story/9961300/the_worst_president_in_history', 'http://www.rollingstone.com/news/profile/story/9961300/the_worst_president_in_history', 'The Worst President in History? : Rolling Stone', '', NULL, 0, '2008-08-18 16:36:30', 26, 415, 'related');
INSERT INTO `snippets` (`id`, `txt`, `url`, `url_real`, `pagetitle`, `title`, `author`, `source_id`, `created_at`, `user_id`, `point_id`, `howlinked`) VALUES 
(458, 'Right now, Iraq is expanding and improving facilities that were used for the production of biological weapons. George W. Bush September 12, 2002', 'http://www.counterpunch.org/wmd05292003.html', 'http://www.counterpunch.org/wmd05292003.html', 'Weapons of Mass Destruction: Who Said What When', '', NULL, 0, '2008-08-18 16:40:17', 26, 416, 'related'),
(459, 'The Battle of Iraq is one victory in a war on terror that began on Sept. 11, 2001, and still goes on," the president said in his national address beamed from the deck of the USS Abraham Lincoln.', 'http://media.www.dailyiowan.com/media/storage/paper599/news/2003/05/02/Nation/Bush-Claims.Victory.In.Iraq.But.Much.Left.To.Be.Do', 'http://media.www.dailyiowan.com/media/storage/paper599/news/2003/05/02/Nation/Bush-Claims.Victory.In.Iraq.But.Much.Left.To.Be.Do', 'Bush claims victory in Iraq, but much left to be done - Nation', '', NULL, 0, '2008-08-18 16:44:44', 26, 417, 'related'),
(460, 'Campaign manager Rick Davis cited Mitchell''s comments on NBC''s "Meet the Press" that the Barack Obama campaign had said privately that they believed McCain "may have had some ability to overhear what the questions were to Obama. He seemed so well prepared."', 'http://www.reuters.com/article/domesticNews/idUSN1827898520080819', '', 'McCain camp accuses NBC of partisan coverage | U.S. | Reuters', '', NULL, 0, '2008-08-18 18:12:23', 1, 419, 'related'),
(461, 'The John McCain campaign fired off an angry letter to NBC News criticizing Andrea Mitchell''s comments regarding the "cone of silence" at Saturday night''s presidential candidates'' forum at Saddleback Church in Lake Forest, California.', 'http://www.reuters.com/article/domesticNews/idUSN1827898520080819', '', 'McCain camp accuses NBC of partisan coverage | U.S. | Reuters', '', NULL, 0, '2008-08-18 18:12:51', 1, 420, 'related'),
(462, '"My opponent John McCain," he said as the crowd began to boo, "John McCain, you know, he has been talking about how he puts country first, but I have to say it is not an example of putting country first when you say that George Bushs economic policies have shown great progress. He said that just a few months ago -- that, you know, we made great economic progress under George Bush. Then he started running ads saying ''oh, Obama just going to raise your taxes and he will lead to an economic disaster.''"', 'http://blogs.abcnews.com/politicalpunch/2008/08/obamas-attacks.html', '', 'Political Punch', '', NULL, 0, '2008-08-18 18:14:32', 1, 421, 'related'),
(463, 'Mr. Obama was said to be focused mainly on three candidates: Senator Evan Bayh of Indiana, Gov. Tim Kaine of Virginia and Senator Joseph R. Biden Jr. of Delaware.', 'http://www.nytimes.com/2008/08/19/us/politics/19veep.html', '', 'Obama Ready to Announce Running Mate This Week - NYTimes.com', '', NULL, 0, '2008-08-18 18:16:10', 1, 422, 'related'),
(464, 'By all indications, Mr. Obama is likely to choose someone relatively safe and avoid taking a chance with a game-changing selection.', 'http://www.nytimes.com/2008/08/19/us/politics/19veep.html', '', 'Obama Ready to Announce Running Mate This Week - NYTimes.com', '', NULL, 0, '2008-08-18 18:16:32', 1, 423, 'related'),
(465, 'Mr. Holder and Ms. Kennedy have been working largely out of Mr. Holders law firm in Washington, using lawyers in his firm and others  many of whom are veterans of the process from having worked for Senator John Kerry in 2004 and Al Gore in 2000  to check the backgrounds of the potential candidates. ', 'http://www.nytimes.com/2008/08/19/us/politics/19veep.html', '', 'Obama Ready to Announce Running Mate This Week - NYTimes.com', '', NULL, 0, '2008-08-18 18:17:58', 1, 424, 'related'),
(466, 'Perry was asked about the policy of a tiny school district west of Wichita Falls, which may be the first in the nation to allow employees who are licensed to carry concealed handguns to bring their weapons to campus.', 'http://www.chron.com/disp/story.mpl/headline/metro/5951651.html', '', 'Perry supports school district''s decision to allow guns | Top stories | Chron.com - Houston Chronicle', '', NULL, 0, '2008-08-18 20:08:00', 1, 425, 'related'),
(467, 'Texas'' penal code prohibits firearms at schools "unless pursuant to the written regulations or written authorizations of the institution."', 'http://www.chron.com/disp/story.mpl/headline/metro/5951651.html', '', 'Perry supports school district''s decision to allow guns | Top stories | Chron.com - Houston Chronicle', '', NULL, 0, '2008-08-18 20:08:42', 1, 426, 'related'),
(468, 'McCartney added that she is concerned about the message children in Harrold ISD may be getting. "They are showing their children there''s lots to be afraid of. You''ve got to have a weapon on your body at all times or you''re in danger," she said.', 'http://www.chron.com/disp/story.mpl/headline/metro/5951651.html', '', 'Perry supports school district''s decision to allow guns | Top stories | Chron.com - Houston Chronicle', '', NULL, 0, '2008-08-18 20:09:53', 1, 427, 'related'),
(469, 'Perry mentioned the 1991 massacre at a Luby''s cafeteria in Killeen as an instance where allowing concealed weapons likely would have saved lives. The killings of 23 people, including the parents of former state Rep. Suzanna Gratia Hupp, by a lone gunman who then shot himself was a catalyst for passage of Texas'' concealed handgun law in 1995.', 'http://www.chron.com/disp/story.mpl/headline/metro/5951651.html', '', 'Perry supports school district''s decision to allow guns | Top stories | Chron.com - Houston Chronicle', '', NULL, 0, '2008-08-18 20:10:34', 1, 428, 'related');

-- --------------------------------------------------------

-- 
-- Table structure for table `sources`
-- 

DROP TABLE IF EXISTS `sources`;
CREATE TABLE IF NOT EXISTS `sources` (
  `id` int(11) NOT NULL auto_increment,
  `domain` varchar(64) NOT NULL,
  `hostexp` varchar(64) NOT NULL,
  `name` varchar(64) NOT NULL,
  `sourceexp` varchar(64) NOT NULL,
  `subjectexp` varchar(64) NOT NULL,
  PRIMARY KEY  (`id`),
  KEY `domain` (`domain`,`name`)
) ENGINE=MyISAM  DEFAULT CHARSET=latin1 AUTO_INCREMENT=5 ;

-- 
-- Dumping data for table `sources`
-- 

INSERT INTO `sources` (`id`, `domain`, `hostexp`, `name`, `sourceexp`, `subjectexp`) VALUES 
(1, 'reuters.com', '', 'Reuters', '', '(.*) \\|'),
(2, 'foxnews.com', '', 'Fox News', '', '.* - ([^-]*)'),
(3, 'bbc.co.uk', '', 'BBC News', '', '\\| ([^|]*)$'),
(0, '', '', '', '', '');

-- --------------------------------------------------------

-- 
-- Table structure for table `topic_equivs`
-- 

DROP TABLE IF EXISTS `topic_equivs`;
CREATE TABLE IF NOT EXISTS `topic_equivs` (
  `id` int(11) NOT NULL auto_increment,
  `topic_a_id` int(11) NOT NULL,
  `topic_b_id` int(11) NOT NULL,
  `user_id` int(11) NOT NULL,
  PRIMARY KEY  (`id`),
  KEY `topic_a_id` (`topic_a_id`,`topic_b_id`,`user_id`)
) ENGINE=MyISAM  DEFAULT CHARSET=latin1 AUTO_INCREMENT=3 ;

-- 
-- Dumping data for table `topic_equivs`
-- 

INSERT INTO `topic_equivs` (`id`, `topic_a_id`, `topic_b_id`, `user_id`) VALUES 
(1, 25, 48, 1),
(2, 3, 3, 1);

-- --------------------------------------------------------

-- 
-- Table structure for table `topic_links`
-- 

DROP TABLE IF EXISTS `topic_links`;
CREATE TABLE IF NOT EXISTS `topic_links` (
  `id` int(11) unsigned NOT NULL auto_increment,
  `parent_id` int(11) unsigned NOT NULL,
  `child_id` int(11) unsigned NOT NULL,
  `user_id` int(11) unsigned NOT NULL,
  PRIMARY KEY  (`id`),
  UNIQUE KEY `parent_id` (`parent_id`,`child_id`)
) ENGINE=MyISAM  DEFAULT CHARSET=latin1 AUTO_INCREMENT=28 ;

-- 
-- Dumping data for table `topic_links`
-- 

INSERT INTO `topic_links` (`id`, `parent_id`, `child_id`, `user_id`) VALUES 
(1, 2, 4, 8),
(7, 18, 19, 1),
(6, 3, 7, 8),
(8, 13, 14, 1),
(9, 6, 14, 1),
(10, 35, 36, 1),
(11, 3, 36, 1),
(12, 35, 40, 1),
(13, 43, 44, 1),
(14, 46, 37, 1),
(15, 47, 41, 1),
(16, 47, 42, 1),
(17, 49, 25, 1),
(18, 49, 3, 1),
(19, 50, 25, 1),
(20, 53, 52, 1),
(21, 49, 34, 1),
(22, 55, 53, 1),
(23, 33, 32, 8),
(24, 66, 67, 18),
(25, 41, 70, 19),
(26, 70, 71, 19),
(27, 95, 92, 1);

-- --------------------------------------------------------

-- 
-- Table structure for table `topics`
-- 

DROP TABLE IF EXISTS `topics`;
CREATE TABLE IF NOT EXISTS `topics` (
  `id` int(11) unsigned NOT NULL auto_increment,
  `txt` varchar(128) NOT NULL,
  `user_id` int(11) NOT NULL,
  `created_at` timestamp NOT NULL default CURRENT_TIMESTAMP,
  PRIMARY KEY  (`id`),
  KEY `txt` (`txt`),
  FULLTEXT KEY `text` (`txt`)
) ENGINE=MyISAM  DEFAULT CHARSET=latin1 AUTO_INCREMENT=101 ;

-- 
-- Dumping data for table `topics`
-- 

INSERT INTO `topics` (`id`, `txt`, `user_id`, `created_at`) VALUES 
(1, 'test topic 2', 8, '2008-07-28 17:22:20'),
(2, 'test topic 1', 8, '2008-07-28 17:25:45'),
(3, 'Presidential election 2008', 8, '2008-07-28 17:27:21'),
(4, 'test topic 3', 8, '2008-07-29 18:22:18'),
(5, '2008 Los Angeles earthquake ', 1, '2008-08-01 17:21:03'),
(6, 'Barack Obama', 1, '2008-08-01 18:04:08'),
(7, 'John McCain', 1, '2008-08-01 18:27:03'),
(8, 'Hilary Clinton', 1, '2008-08-01 18:33:36'),
(9, 'The Weather Underground', 1, '2008-08-01 18:41:29'),
(10, 'William Ayers', 1, '2008-08-01 18:44:14'),
(11, 'Bernadine Dhorn', 1, '2008-08-01 18:44:42'),
(12, 'Nazi Death Camps', 1, '2008-08-01 19:02:11'),
(13, 'Tony Rezko', 1, '2008-08-01 19:12:58'),
(14, 'Relationship between Barack Obama and Tony Rezko', 1, '2008-08-01 19:20:10'),
(15, 'Columbia University', 1, '2008-08-01 19:30:02'),
(16, 'Obama and the Iraq War', 1, '2008-08-01 19:36:23'),
(17, 'Chicago South Side', 1, '2008-08-01 19:44:24'),
(18, 'Mars', 1, '2008-08-01 20:02:54'),
(19, 'Water Ice on Mars', 1, '2008-08-01 20:03:06'),
(20, 'Ronnie Wood  ', 10, '2008-08-06 15:49:58'),
(21, 'HIV and AIDS', 11, '2008-08-07 09:47:16'),
(52, 'Phytorelaxer', 8, '2008-08-12 11:40:18'),
(23, 'Hawaii', 1, '2008-08-08 13:49:44'),
(24, 'Cocaine', 1, '2008-08-08 13:50:08'),
(25, 'US Farm Subsidies', 1, '2008-08-08 14:34:21'),
(26, 'Mexico', 1, '2008-08-08 14:37:11'),
(27, 'Morgan Freeman', 1, '2008-08-08 14:37:28'),
(28, 'California Budget Crisis', 1, '2008-08-08 14:38:41'),
(29, 'DNS Vulnerability', 1, '2008-08-08 14:39:16'),
(40, 'Beijing Olympics 2008', 1, '2008-08-09 22:53:51'),
(31, 'text classification', 8, '2008-08-08 16:03:47'),
(32, 'iPhone', 8, '2008-08-08 16:04:08'),
(33, 'Mobile devices', 8, '2008-08-08 16:16:09'),
(34, 'George W. Bush', 8, '2008-08-08 16:23:13'),
(35, 'Olympic Games', 1, '2008-08-08 17:05:24'),
(36, 'Olympic Games and the 2008 US Election', 1, '2008-08-08 17:05:50'),
(37, 'Pineapple Express (Movie)', 1, '2008-08-08 17:28:12'),
(38, 'WOWCH (T-shirt designer)', 1, '2008-08-08 17:28:20'),
(39, 'Conflict between Russia and Georgia (2008)', 1, '2008-08-09 18:15:54'),
(41, 'Michael Phelps', 1, '2008-08-09 22:58:28'),
(42, 'Ian Thorpe', 1, '2008-08-09 23:08:08'),
(43, '2001 Anthrax Attacks', 1, '2008-08-09 23:17:50'),
(44, 'Bruce Ivins', 1, '2008-08-09 23:18:00'),
(45, 'Connections between Iraq and the September 11th Attacks on New York', 1, '2008-08-09 23:29:25'),
(46, 'Movies', 1, '2008-08-10 22:55:54'),
(47, 'Swimmers', 1, '2008-08-10 23:06:05'),
(48, 'US Agricultural Subsidies', 1, '2008-08-11 17:02:46'),
(49, 'US Politics', 1, '2008-08-12 01:12:12'),
(50, 'Farm Subsidies', 1, '2008-08-12 01:13:58'),
(53, 'Hair relaxers', 8, '2008-08-12 18:41:24'),
(55, 'Hair styling', 1, '2008-08-13 00:18:32'),
(56, 'US Economy', 14, '2008-08-13 09:45:24'),
(57, 'Zimbabwe power sharing', 14, '2008-08-13 10:07:41'),
(58, 'Whale hunting in Greenland', 14, '2008-08-13 10:17:25'),
(59, 'American Troops coming home', 15, '2008-08-13 11:14:55'),
(60, 'john edwards', 16, '2008-08-13 13:22:02'),
(61, 'hillary clinton', 16, '2008-08-13 13:23:10'),
(62, 'arianna huffington of the huffington post', 16, '2008-08-13 13:27:11'),
(63, 'democratic party', 16, '2008-08-13 13:28:41'),
(64, 'Social networking websites', 17, '2008-08-13 15:43:20'),
(65, 'Hurricane Katrina disaster in New Orleans', 1, '2008-08-13 17:31:10'),
(66, 'Illegal Immigation', 18, '2008-08-14 10:11:34'),
(67, 'Amnesty', 1, '2008-08-14 17:22:23'),
(68, 'Shortened work week', 19, '2008-08-14 13:21:54'),
(69, 'Beijing Olympics 2008 gymnastics', 19, '2008-08-14 13:29:48'),
(70, 'career', 1, '2008-08-14 20:49:47'),
(71, '2004 olympics', 1, '2008-08-14 20:51:57'),
(72, 'Exiting from Iraq', 20, '2008-08-14 15:05:50'),
(73, 'Responsibility of US in Iraq', 20, '2008-08-14 15:10:33'),
(74, 'Poland''s history', 20, '2008-08-14 15:31:08'),
(75, 'Traffic deaths in the US', 21, '2008-08-14 16:16:58'),
(76, 'eBay item page testing', 21, '2008-08-14 16:39:24'),
(77, 'Edwards, Hunter, and, Young', 22, '2008-08-15 09:56:32'),
(78, 'Aniston and Mayer', 22, '2008-08-15 10:08:48'),
(79, 'Transgender Model', 22, '2008-08-15 10:10:22'),
(80, 'Britney Spears', 22, '2008-08-15 10:12:49'),
(81, 'Ruszkowski', 22, '2008-08-15 10:16:20'),
(82, 'Wilson', 22, '2008-08-15 10:20:23'),
(83, 'Georgia', 23, '2008-08-15 11:14:21'),
(84, 'Severed Heads', 23, '2008-08-15 11:21:25'),
(85, 'Industrial Music', 23, '2008-08-15 11:27:15'),
(86, 'Russian Bank Robbery', 23, '2008-08-15 11:32:10'),
(87, 'Musharraf resignation?', 24, '2008-08-15 13:34:52'),
(88, 'Guantanamo Bay hearings', 24, '2008-08-15 13:58:41'),
(89, 'Nitrous oxide', 8, '2008-08-15 15:54:17'),
(90, 'Catnip', 1, '2008-08-16 10:49:02'),
(91, 'race and the coming election', 25, '2008-08-18 11:07:02'),
(92, 'why raw food is more healthy than cooked food', 25, '2008-08-18 11:17:33'),
(93, 'cooked food has no enzymes', 25, '2008-08-18 11:20:47'),
(94, 'why should you do a juice fast', 25, '2008-08-18 11:23:21'),
(95, 'raw food', 1, '2008-08-18 18:29:31'),
(96, 'WMD', 26, '2008-08-18 16:40:17'),
(97, 'Saddleback Church Debate between Obama and McCain', 1, '2008-08-18 18:12:23'),
(98, 'Running mate for Obama ', 1, '2008-08-18 18:16:09'),
(99, 'McCain running mate', 1, '2008-08-18 18:17:58'),
(100, 'Gun control', 1, '2008-08-18 20:08:00');

-- --------------------------------------------------------

-- 
-- Table structure for table `users`
-- 

DROP TABLE IF EXISTS `users`;
CREATE TABLE IF NOT EXISTS `users` (
  `id` int(11) NOT NULL auto_increment,
  `email` varchar(128) NOT NULL,
  `name` varchar(64) NOT NULL,
  `password` varchar(16) NOT NULL,
  `secret` varchar(16) NOT NULL,
  `status` enum('active','pending','banned') NOT NULL,
  `created_at` timestamp NOT NULL default CURRENT_TIMESTAMP,
  `facebookid` int(11) NOT NULL,
  PRIMARY KEY  (`id`),
  KEY `secret` (`secret`)
) ENGINE=MyISAM  DEFAULT CHARSET=latin1 AUTO_INCREMENT=27 ;

-- 
-- Dumping data for table `users`
-- 

INSERT INTO `users` (`id`, `email`, `name`, `password`, `secret`, `status`, `created_at`, `facebookid`) VALUES 
(1, 'rob@ennals.org', 'rob', 'password', 'HneGhDrJVP', 'active', '2008-06-18 15:37:10', 0),
(2, 'rob@ennals.org', 'rob2', 'pass', 'K8BHWiP5te', 'pending', '2008-06-18 15:41:29', 0),
(3, 'rob.ennals@gmail.com', 'rob3', 'pass', '24EM3TC2PX', 'pending', '2008-06-18 15:42:40', 0),
(4, 'rob.ennals@gmail.com', 'rob4', 'test', 'gfUJdWCqX2', 'pending', '2008-06-18 17:24:54', 0),
(5, 'rob.ennals@gmail.com', 'rob5', 'test', '3JV7XbmJ7t', 'pending', '2008-06-18 17:25:19', 0),
(6, 'rob.ennals@gmail.com', 'rob6', 'bla', 'u6d9tcTtdp', 'pending', '2008-06-18 17:42:09', 0),
(7, 'rob.ennals@gmail.com', 'rob7', 'foo', 'rFfujVmtxU', 'active', '2008-06-18 18:23:27', 0),
(8, 'trush@eecs.berkeley.edu', 'Beth', 'think', 'KYkN6h7uNW', 'active', '2008-06-19 13:42:05', 0),
(9, 'berthalemu@gmail.com', 'test', 'test', 'xTqG6tQVyD', 'active', '2008-08-06 14:54:54', 0),
(10, 'cpap@cs.brown.edu', 'Babis', 'providence', 'rNyZMdUc3P', 'active', '2008-08-06 14:57:41', 0),
(11, 'zanderso@gmail.com', 'Zach', 'bingocard', 'pneVGiXdF5', 'active', '2008-08-06 18:17:55', 0),
(12, 'ariel.j.kleiner@intel.com', 'Ariel', 'knilkniht', 'J8W6vRpkZJ', 'active', '2008-08-07 14:01:51', 0),
(13, 'gianluca.iannaccone@intel.com', 'Gianluca', 'yo', 'ARg8ERUWWD', 'active', '2008-08-12 16:11:40', 0),
(14, 'sheribjornson@comcast.net', 'Sheri', 'password', '', 'active', '2008-08-13 09:24:39', 0),
(15, 'lovelee_girl@hotmail.com', 'Lovelee girl', 'password', '', 'active', '2008-08-13 09:25:37', 0),
(16, 'dixon.louis@gmail.com', 'Louis', 'password', '', 'active', '2008-08-13 09:26:29', 0),
(17, 'billieanderson@live.com', 'Willie', 'password', '', 'active', '2008-08-13 12:34:26', 0),
(18, 'aperture@gmail.com', 'Richard', 'password', '', 'active', '2008-08-14 08:02:09', 0),
(19, 'sarahparksp@gmail.com', 'Sarah', 'password', '', 'active', '2008-08-14 08:02:09', 0),
(20, 'solarempowered@comcast.net', 'Rick', 'password', '', 'active', '2008-08-14 08:04:59', 0),
(21, 'mattwhitlock@gmail.com', 'Matt', 'password', '', 'active', '2008-08-14 08:04:59', 0),
(22, 'lanilo312002@hotmail.com', 'Lauren', 'password', '', 'active', '2008-08-14 18:38:31', 0),
(23, 'greentypewriter@yahoo.com', 'Matt', 'password', '', 'active', '2008-08-14 18:42:41', 0),
(24, 'nathansalant@gmail.com', 'Nathan', 'password', '', 'active', '2008-08-14 18:42:41', 0),
(25, 'chachalaroja@yahoo.com', 'Marcy', 'password', '', 'active', '2008-08-18 08:53:37', 0),
(26, 'ttt12@hotmail.com', 'Tom', 'password', '', 'active', '2008-08-18 08:53:37', 0);
